日付,決修,伝票番号,部門ｺｰﾄﾞ,借方ｺｰﾄﾞ,借方名称,借方枝番,借方枝番摘要,貸方ｺｰﾄﾞ,貸方名称,貸方枝番,貸方枝番摘要,金額,摘要,税区分,対価,仕入区分,売上業種区分,消費税科目,売仕区分,ﾀﾞﾐｰ3
2015-11-02,0,,"",121,"普通三菱東京",,,166,"売掛金",2,"オオタキカク",30655,"合資会社オオタキカクコンサル代、バックアップサーバー/PJ管理システム使用料",,,,,,,
2015-11-09,0,,"",314,"未払金",2,"ＮＥＴＢＬＵＥ",121,"普通三菱東京",,,24000,"NETBLUE広尾TCサーバーメンテナンス代",,,,,,,
2015-11-09,0,,"",734,"支払手数料",,,121,"普通三菱東京",,,540,"振込手数料　NETBLUE",11,,,,借,仕,
2015-11-10,0,,"",121,"普通三菱東京",,,166,"売掛金",4,"シーズ・クリエイト",32400,"㈱シーズ・クリエイトSSL設定代",,,,,,,
2015-11-10,0,,"",121,"普通三菱東京",,,166,"売掛金",4,"シーズ・クリエイト",17444,"㈱シーズ・クリエイトクラッチボックス売上【10月分】",,,,,,,
2015-11-12,0,,"",731,"賃借料",,,121,"普通三菱東京",,,4618,"㈱Joe's ウェブホスティングヴァーチャルオフィス利用料【11月分】",11,,,,借,仕,
2015-11-18,0,,"",734,"支払手数料",,,121,"普通三菱東京",,,1728,"三菱東京UFJ銀行BizStation利用料",11,,,,借,仕,
2015-11-30,0,,"",734,"支払手数料",,,121,"普通三菱東京",,,16200,"さくら中央税理士法人顧問料",11,,,,借,仕,
2015-11-30,0,,"",724,"通信費",,,121,"普通三菱東京",,,1058,"フォノグラムシステム利用代",11,,,,借,仕,
2015-11-30,0,,"",734,"支払手数料",,,121,"普通三菱東京",,,540,"振込手数料　フォノグラム",11,,,,借,仕,
2015-11-30,0,,"",314,"未払金",1,"ブリングアップ",121,"普通三菱東京",,,9536,"㈲ブリングアップクラッチボックス開発・運営費【10月分】",,,,,,,
2015-11-30,0,,"",734,"支払手数料",,,121,"普通三菱東京",,,108,"振込手数料　㈲ブリングアップ",11,,,,借,仕,
2015-11-30,0,,"",314,"未払金",9998,"社長立替金",121,"普通三菱東京",,,85132,"川瀬広宣　立替経費精算",,,,,,,
2015-11-30,0,,"",734,"支払手数料",,,121,"普通三菱東京",,,324,"振込手数料　川瀬広宣",11,,,,借,仕,
2015-11-30,0,,"",121,"普通三菱東京",,,166,"売掛金",5,"広尾サラブレッド倶楽部㈱",59400,"広尾サラブレッド倶楽部サーバー保守代",,,,,,,
2015-11-30,0,,"",121,"普通三菱東京",,,166,"売掛金",1,"ブリングアップ",11880,"㈲ブリングアップバックアップサーバー/プロジェクト管理システム使用料",,,,,,,
2015-11-30,0,,"",121,"普通三菱東京",,,166,"売掛金",1,"ブリングアップ",21600,"㈲ブリングアップ営業支援費",,,,,,,
2015-11-30,0,,"",121,"普通三菱東京",,,166,"売掛金",2,"オオタキカク",30647,"合資会社オオタキカクコンサル代、バックアップサーバー/PJ管理システム使用料",,,,,,,
2015-12-10,0,,"",314,"未払金",2,"ＮＥＴＢＬＵＥ",121,"普通三菱東京",,,78000,"NETBLUE広尾TCサーバーメンテナンス代",,,,,,,
2015-12-10,0,,"",734,"支払手数料",,,121,"普通三菱東京",,,756,"振込手数料　NETBLUE",11,,,,借,仕,
2015-12-10,0,,"",121,"普通三菱東京",,,166,"売掛金",4,"シーズ・クリエイト",13957,"㈱シーズ・クリエイトクラッチボックス売上【11月分】",,,,,,,
2015-12-14,0,,"",731,"賃借料",,,121,"普通三菱東京",,,5645,"㈱Joe's ウェブホスティングヴァーチャルオフィス利用料【12月分】",11,,,,借,仕,
2015-12-17,0,,"",121,"普通三菱東京",,,166,"売掛金",2,"オオタキカク",9061,"合資会社オオタキカクコンサル代、バックアップサーバー/PJ管理システム使用料",,,,,,,
2015-12-18,0,,"",734,"支払手数料",,,121,"普通三菱東京",,,1728,"三菱東京UFJ銀行BizStation利用料",11,,,,借,仕,
2015-12-18,0,,"",121,"普通三菱東京",,,166,"売掛金",9999,"他：",540000,"㈱TsukasaWeb食らぶ構築費（１／３）",,,,,,,
2015-12-25,0,,"",323,"未払法人税等",,,121,"普通三菱東京",,,77600,"東京都法人都民税",,,,,,,
2015-12-28,0,,"",734,"支払手数料",,,121,"普通三菱東京",,,16200,"さくら中央税理士法人顧問料",11,,,,借,仕,
2015-12-30,0,,"",314,"未払金",9998,"社長立替金",121,"普通三菱東京",,,144486,"川瀬広宣　立替経費精算",,,,,,,
2015-12-30,0,,"",734,"支払手数料",,,121,"普通三菱東京",,,540,"振込手数料　川瀬広宣",11,,,,借,仕,
2015-12-30,0,,"",724,"通信費",,,121,"普通三菱東京",,,1058,"フォノグラムシステム利用代",11,,,,借,仕,
2015-12-30,0,,"",734,"支払手数料",,,121,"普通三菱東京",,,540,"振込手数料　フォノグラム",11,,,,借,仕,
2015-12-30,0,,"",734,"支払手数料",,,121,"普通三菱東京",,,10800,"牧山社会保険労務士労働保険手続き代",11,,,,借,仕,
2015-12-30,0,,"",734,"支払手数料",,,121,"普通三菱東京",,,540,"振込手数料　牧山社会保険労務士",11,,,,借,仕,
2015-12-30,0,,"",712,"給料手当",,,121,"普通三菱東京",,,20000,"尾身茜【2015年11月分】 給与",4,,,,借,仕,
2015-12-30,0,,"",722,"旅費交通費",,,121,"普通三菱東京",,,4990,"尾身茜【2015年11月分】 交通費実費分清算",11,,,,借,仕,
2015-12-30,0,,"",734,"支払手数料",,,121,"普通三菱東京",,,324,"振込手数料　尾身茜",11,,,,借,仕,
2015-12-30,0,,"",314,"未払金",1,"ブリングアップ",121,"普通三菱東京",,,378000,"㈲ブリングアップ食らぶ構築費（３／３）",,,,,,,
2015-12-30,0,,"",314,"未払金",1,"ブリングアップ",121,"普通三菱東京",,,7544,"㈲ブリングアップクラッチボックス開発・運営費【11月分】",,,,,,,
2015-12-30,0,,"",734,"支払手数料",,,121,"普通三菱東京",,,324,"振込手数料　㈲ブリングアップ",11,,,,借,仕,
2015-12-30,0,,"",121,"普通三菱東京",,,166,"売掛金",5,"広尾サラブレッド倶楽部㈱",59400,"広尾サラブレッド倶楽部サーバー保守代",,,,,,,
2015-12-30,0,,"",121,"普通三菱東京",,,166,"売掛金",1,"ブリングアップ",11880,"㈲ブリングアップバックアップサーバー/プロジェクト管理システム使用料",,,,,,,
2015-12-30,0,,"",121,"普通三菱東京",,,166,"売掛金",1,"ブリングアップ",21600,"㈲ブリングアップ営業支援費",,,,,,,
2016-01-04,0,,"",323,"未払法人税等",,,121,"普通三菱東京",,,103500,"法人所得税",,,,,,,
2016-01-07,0,,"",121,"普通三菱東京",,,166,"売掛金",2,"オオタキカク",30656,"合資会社オオタキカクコンサル代、バックアップサーバー/PJ管理システム使用料",,,,,,,
2016-01-08,0,,"",314,"未払金",2,"ＮＥＴＢＬＵＥ",121,"普通三菱東京",,,96000,"NETBLUE広尾TCサーバーメンテナンス代",,,,,,,
2016-01-08,0,,"",734,"支払手数料",,,121,"普通三菱東京",,,756,"振込手数料　NETBLUE",11,,,,借,仕,
2016-01-08,0,,"",121,"普通三菱東京",,,166,"売掛金",4,"シーズ・クリエイト",28490,"㈱シーズ・クリエイトクラッチボックス売上【12月分】",,,,,,,
2016-01-12,0,,"",731,"賃借料",,,121,"普通三菱東京",,,4926,"㈱Joe's ウェブホスティングヴァーチャルオフィス利用料【1月分】",11,,,,借,仕,
2016-01-18,0,,"",734,"支払手数料",,,121,"普通三菱東京",,,1728,"三菱東京UFJ銀行BizStation利用料",11,,,,借,仕,
2016-01-28,0,,"",734,"支払手数料",,,121,"普通三菱東京",,,124200,"さくら中央税理士法人決算処理代",11,,,,借,仕,
2016-01-29,0,,"",724,"通信費",,,121,"普通三菱東京",,,1058,"フォノグラムシステム利用代",11,,,,借,仕,
2016-01-29,0,,"",734,"支払手数料",,,121,"普通三菱東京",,,540,"振込手数料　フォノグラム",11,,,,借,仕,
2016-01-29,0,,"",314,"未払金",1,"ブリングアップ",121,"普通三菱東京",,,15849,"㈲ブリングアップクラッチボックス開発・運営費【12月分】",,,,,,,
2016-01-29,0,,"",734,"支払手数料",,,121,"普通三菱東京",,,108,"振込手数料　㈲ブリングアップ",11,,,,借,仕,
2016-01-29,0,,"",712,"給料手当",,,121,"普通三菱東京",,,15000,"尾身茜【2015年12月分】 給与",4,,,,借,仕,
2016-01-29,0,,"",722,"旅費交通費",,,121,"普通三菱東京",,,4128,"尾身茜【2015年12月分】 交通費実費分清算",11,,,,借,仕,
2016-01-29,0,,"",734,"支払手数料",,,121,"普通三菱東京",,,540,"振込手数料　尾身茜",11,,,,借,仕,
2016-01-29,0,,"",711,"役員報酬",,,121,"普通三菱東京",,,100000,"社員：川瀬 広宣役員報酬",4,,,,借,仕,
2016-01-29,0,,"",121,"普通三菱東京",,,316,"預り金",1,"給与源泉所得税",3600,"社員：川瀬 広宣源泉徴収税分",,,,,,,
2016-01-29,0,,"",314,"未払金",9998,"社長立替金",121,"普通三菱東京",,,161055,"川瀬広宣　立替経費精算",,,,,,,
2016-01-29,0,,"",734,"支払手数料",,,121,"普通三菱東京",,,324,"振込手数料　川瀬広宣",11,,,,借,仕,
2016-01-29,0,,"",121,"普通三菱東京",,,166,"売掛金",5,"広尾サラブレッド倶楽部㈱",75600,"広尾サラブレッド倶楽部サーバー保守代",,,,,,,
2016-01-29,0,,"",121,"普通三菱東京",,,166,"売掛金",1,"ブリングアップ",11880,"㈲ブリングアップバックアップサーバー/プロジェクト管理システム使用料",,,,,,,
2016-01-29,0,,"",121,"普通三菱東京",,,166,"売掛金",1,"ブリングアップ",21600,"㈲ブリングアップ営業支援費",,,,,,,
2016-02-10,0,,"",121,"普通三菱東京",,,166,"売掛金",4,"シーズ・クリエイト",29718,"㈱シーズ・クリエイトクラッチボックス売上【1月分】",,,,,,,
2016-02-12,0,,"",731,"賃借料",,,121,"普通三菱東京",,,5032,"㈱Joe's ウェブホスティングヴァーチャルオフィス利用料【2月分】",11,,,,借,仕,
2016-02-12,0,,"",121,"普通三菱東京",,,166,"売掛金",2,"オオタキカク",30751,"合資会社オオタキカクコンサル代、バックアップサーバー/PJ管理システム使用料",,,,,,,
2016-02-16,0,,"",314,"未払金",2,"ＮＥＴＢＬＵＥ",121,"普通三菱東京",,,46000,"NETBLUE広尾TCサーバーメンテナンス代",,,,,,,
2016-02-16,0,,"",734,"支払手数料",,,121,"普通三菱東京",,,756,"振込手数料　NETBLUE",11,,,,借,仕,
2016-02-18,0,,"",734,"支払手数料",,,121,"普通三菱東京",,,1728,"三菱東京UFJ銀行BizStation利用料",11,,,,借,仕,
2016-02-29,0,,"",734,"支払手数料",,,121,"普通三菱東京",,,27000,"さくら中央税理士法人顧問料",11,,,,借,仕,
2016-02-29,0,,"",724,"通信費",,,121,"普通三菱東京",,,1058,"フォノグラムシステム利用代",11,,,,借,仕,
2016-02-29,0,,"",734,"支払手数料",,,121,"普通三菱東京",,,540,"振込手数料　フォノグラム",11,,,,借,仕,
2016-02-29,0,,"",121,"普通三菱東京",,,166,"売掛金",5,"広尾サラブレッド倶楽部㈱",81000,"広尾サラブレッド倶楽部サーバー保守代",,,,,,,
2016-02-29,0,,"",711,"役員報酬",,,121,"普通三菱東京",,,100000,"社員：川瀬 広宣役員報酬",4,,,,借,仕,
2016-02-29,0,,"",121,"普通三菱東京",,,316,"預り金",1,"給与源泉所得税",3600,"社員：川瀬 広宣源泉徴収税分",,,,,,,
2016-02-29,0,,"",314,"未払金",9998,"社長立替金",121,"普通三菱東京",,,51614,"川瀬広宣　立替経費精算",,,,,,,
2016-02-29,0,,"",734,"支払手数料",,,121,"普通三菱東京",,,324,"振込手数料　川瀬広宣",11,,,,借,仕,
2016-02-29,0,,"",314,"未払金",1,"ブリングアップ",121,"普通三菱東京",,,13464,"㈲ブリングアップクラッチボックス開発・運営費【1月分】",,,,,,,
2016-02-29,0,,"",734,"支払手数料",,,121,"普通三菱東京",,,108,"振込手数料　㈲ブリングアップ",11,,,,借,仕,
2016-02-29,0,,"",121,"普通三菱東京",,,166,"売掛金",1,"ブリングアップ",11880,"㈲ブリングアップバックアップサーバー/プロジェクト管理システム使用料",,,,,,,
2016-02-29,0,,"",121,"普通三菱東京",,,166,"売掛金",1,"ブリングアップ",21600,"㈲ブリングアップ営業支援費",,,,,,,
2016-03-10,0,,"",314,"未払金",2,"ＮＥＴＢＬＵＥ",121,"普通三菱東京",,,29000,"NETBLUE広尾TCサーバーメンテナンス代",,,,,,,
2016-03-10,0,,"",734,"支払手数料",,,121,"普通三菱東京",,,540,"振込手数料　NETBLUE",11,,,,借,仕,
2016-03-10,0,,"",121,"普通三菱東京",,,166,"売掛金",4,"シーズ・クリエイト",148272,"㈱シーズ・クリエイトクラッチボックス売上【2月分】",,,,,,,
2016-03-14,0,,"",731,"賃借料",,,121,"普通三菱東京",,,5214,"㈱Joe's ウェブホスティングヴァーチャルオフィス利用料【3月分】",11,,,,借,仕,
2016-03-18,0,,"",734,"支払手数料",,,121,"普通三菱東京",,,1728,"三菱東京UFJ銀行BizStation利用料",11,,,,借,仕,
2016-03-25,0,,"",121,"普通三菱東京",,,166,"売掛金",1,"ブリングアップ",362880,"㈲ブリングアップﾘｱﾗｲｽﾞｱｾｯﾄﾏﾈｼﾞﾒﾝﾄ社サイト保守代",,,,,,,
2016-03-25,0,,"",121,"普通三菱東京",,,166,"売掛金",2,"オオタキカク",32187,"合資会社オオタキカクコンサル代、バックアップサーバー/PJ管理システム使用料",,,,,,,
2016-03-28,0,,"",734,"支払手数料",,,121,"普通三菱東京",,,16200,"さくら中央税理士法人顧問料",11,,,,借,仕,
2016-03-31,0,,"",724,"通信費",,,121,"普通三菱東京",,,1058,"フォノグラムシステム利用代",11,,,,借,仕,
2016-03-31,0,,"",734,"支払手数料",,,121,"普通三菱東京",,,540,"振込手数料　フォノグラム",11,,,,借,仕,
2016-03-31,0,,"",314,"未払金",1,"ブリングアップ",121,"普通三菱東京",,,50352,"㈲ブリングアップクラッチボックス開発・運営費【2月分】",,,,,,,
2016-03-31,0,,"",734,"支払手数料",,,121,"普通三菱東京",,,324,"振込手数料　㈲ブリングアップ",11,,,,借,仕,
2016-03-31,0,,"",711,"役員報酬",,,121,"普通三菱東京",,,100000,"社員：川瀬 広宣役員報酬",4,,,,借,仕,
2016-03-31,0,,"",121,"普通三菱東京",,,316,"預り金",1,"給与源泉所得税",3600,"社員：川瀬 広宣源泉徴収税分",,,,,,,
2016-03-31,0,,"",314,"未払金",9998,"社長立替金",121,"普通三菱東京",,,163649,"川瀬広宣　立替経費精算",,,,,,,
2016-03-31,0,,"",734,"支払手数料",,,121,"普通三菱東京",,,324,"振込手数料　川瀬広宣",11,,,,借,仕,
2016-03-31,0,,"",121,"普通三菱東京",,,166,"売掛金",5,"広尾サラブレッド倶楽部㈱",91800,"広尾サラブレッド倶楽部サーバー保守代",,,,,,,
2016-03-31,0,,"",121,"普通三菱東京",,,166,"売掛金",1,"ブリングアップ",11880,"㈲ブリングアップバックアップサーバー/プロジェクト管理システム使用料",,,,,,,
2016-03-31,0,,"",121,"普通三菱東京",,,166,"売掛金",1,"ブリングアップ",21600,"㈲ブリングアップ営業支援費",,,,,,,
2016-04-01,0,,"",550,"仕入高",,,121,"普通三菱東京",,,108000,"サークルアラウンドWebシステム開発研修代",11,,,,借,仕,
2016-04-01,0,,"",734,"支払手数料",,,121,"普通三菱東京",,,756,"振込手数料　サークルアラウンド",11,,,,借,仕,
2016-04-07,0,,"",314,"未払金",2,"ＮＥＴＢＬＵＥ",121,"普通三菱東京",,,20000,"NETBLUE広尾TCサーバーメンテナンス代",,,,,,,
2016-04-07,0,,"",734,"支払手数料",,,121,"普通三菱東京",,,540,"振込手数料　NETBLUE",11,,,,借,仕,
2016-04-08,0,,"",121,"普通三菱東京",,,166,"売掛金",4,"シーズ・クリエイト",20832,"㈱シーズ・クリエイトクラッチボックス売上【3月分】",,,,,,,
2016-04-12,0,,"",731,"賃借料",,,121,"普通三菱東京",,,4916,"㈱Joe's ウェブホスティングヴァーチャルオフィス利用料【4月分】",11,,,,借,仕,
2016-04-18,0,,"",734,"支払手数料",,,121,"普通三菱東京",,,1728,"三菱東京UFJ銀行BizStation利用料",11,,,,借,仕,
2016-04-18,0,,"",734,"支払手数料",,,121,"普通三菱東京",,,540,"三菱東京UFJ銀行残高証明書発行手数料",11,,,,借,仕,
2016-04-26,0,,"",121,"普通三菱東京",,,166,"売掛金",2,"オオタキカク",31150,"合資会社オオタキカクコンサル代、バックアップサーバー/PJ管理システム使用料",,,,,,,
2016-04-28,0,,"",734,"支払手数料",,,121,"普通三菱東京",,,16200,"さくら中央税理士法人顧問料",11,,,,借,仕,
2016-04-28,0,,"",724,"通信費",,,121,"普通三菱東京",,,1058,"フォノグラムシステム利用代",11,,,,借,仕,
2016-04-28,0,,"",734,"支払手数料",,,121,"普通三菱東京",,,540,"振込手数料　フォノグラム",11,,,,借,仕,
2016-04-28,0,,"",314,"未払金",1,"ブリングアップ",121,"普通三菱東京",,,11472,"㈲ブリングアップクラッチボックス開発・運営費【3月分】",,,,,,,
2016-04-28,0,,"",734,"支払手数料",,,121,"普通三菱東京",,,108,"振込手数料　㈲ブリングアップ",11,,,,借,仕,
2016-04-28,0,,"",711,"役員報酬",,,121,"普通三菱東京",,,100000,"社員：川瀬 広宣役員報酬",4,,,,借,仕,
2016-04-28,0,,"",121,"普通三菱東京",,,316,"預り金",1,"給与源泉所得税",3600,"社員：川瀬 広宣源泉徴収税分",,,,,,,
2016-04-28,0,,"",314,"未払金",9998,"社長立替金",121,"普通三菱東京",,,1856,"川瀬広宣　立替経費精算",,,,,,,
2016-04-28,0,,"",734,"支払手数料",,,121,"普通三菱東京",,,324,"振込手数料　川瀬広宣",11,,,,借,仕,
2016-04-28,0,,"",121,"普通三菱東京",,,166,"売掛金",5,"広尾サラブレッド倶楽部㈱",59400,"広尾サラブレッド倶楽部サーバー保守代",,,,,,,
2016-04-28,0,,"",121,"普通三菱東京",,,166,"売掛金",1,"ブリングアップ",11880,"㈲ブリングアップバックアップサーバー/プロジェクト管理システム使用料",,,,,,,
2016-04-28,0,,"",121,"普通三菱東京",,,166,"売掛金",1,"ブリングアップ",21600,"㈲ブリングアップ営業支援費",,,,,,,
2016-05-10,0,,"",314,"未払金",2,"ＮＥＴＢＬＵＥ",121,"普通三菱東京",,,20000,"NETBLUE広尾TCサーバーメンテナンス代",,,,,,,
2016-05-10,0,,"",734,"支払手数料",,,121,"普通三菱東京",,,540,"振込手数料　NETBLUE",11,,,,借,仕,
2016-05-10,0,,"",121,"普通三菱東京",,,166,"売掛金",4,"シーズ・クリエイト",56377,"㈱シーズ・クリエイトクラッチボックス売上【4月分】",,,,,,,
2016-05-12,0,,"",731,"賃借料",,,121,"普通三菱東京",,,5570,"㈱Joe's ウェブホスティングヴァーチャルオフィス利用料【5月分】",11,,,,借,仕,
2016-05-18,0,,"",734,"支払手数料",,,121,"普通三菱東京",,,1728,"三菱東京UFJ銀行BizStation利用料",11,,,,借,仕,
2016-05-27,0,,"",121,"普通三菱東京",,,166,"売掛金",2,"オオタキカク",31143,"合資会社オオタキカクコンサル代、バックアップサーバー/PJ管理システム使用料",,,,,,,
2016-05-30,0,,"",734,"支払手数料",,,121,"普通三菱東京",,,16200,"さくら中央税理士法人顧問料",11,,,,借,仕,
2016-05-31,0,,"",724,"通信費",,,121,"普通三菱東京",,,1058,"フォノグラムシステム利用代",11,,,,借,仕,
2016-05-31,0,,"",734,"支払手数料",,,121,"普通三菱東京",,,540,"振込手数料　フォノグラム",11,,,,借,仕,
2016-05-31,0,,"",314,"未払金",1,"ブリングアップ",121,"普通三菱東京",,,15892,"㈲ブリングアップクラッチボックス開発・運営費【4月分】",,,,,,,
2016-05-31,0,,"",734,"支払手数料",,,121,"普通三菱東京",,,108,"振込手数料　㈲ブリングアップ",11,,,,借,仕,
2016-05-31,0,,"",711,"役員報酬",,,121,"普通三菱東京",,,100000,"社員：川瀬 広宣役員報酬",4,,,,借,仕,
2016-05-31,0,,"",121,"普通三菱東京",,,316,"預り金",1,"給与源泉所得税",3600,"社員：川瀬 広宣源泉徴収税分",,,,,,,
2016-05-31,0,,"",314,"未払金",9998,"社長立替金",121,"普通三菱東京",,,780,"川瀬広宣　立替経費精算",,,,,,,
2016-05-31,0,,"",734,"支払手数料",,,121,"普通三菱東京",,,324,"振込手数料　川瀬広宣",11,,,,借,仕,
2016-05-31,0,,"",121,"普通三菱東京",,,166,"売掛金",5,"広尾サラブレッド倶楽部㈱",59400,"広尾サラブレッド倶楽部サーバー保守代",,,,,,,
2016-05-31,0,,"",121,"普通三菱東京",,,166,"売掛金",1,"ブリングアップ",11880,"㈲ブリングアップバックアップサーバー/プロジェクト管理システム使用料",,,,,,,
2016-05-31,0,,"",121,"普通三菱東京",,,166,"売掛金",1,"ブリングアップ",21600,"㈲ブリングアップ営業支援費",,,,,,,
2016-06-10,0,,"",314,"未払金",2,"ＮＥＴＢＬＵＥ",121,"普通三菱東京",,,20000,"NETBLUE広尾TCサーバーメンテナンス代",,,,,,,
2016-06-10,0,,"",734,"支払手数料",,,121,"普通三菱東京",,,540,"振込手数料　NETBLUE",11,,,,借,仕,
2016-06-10,0,,"",121,"普通三菱東京",,,166,"売掛金",4,"シーズ・クリエイト",57357,"㈱シーズ・クリエイトクラッチボックス売上【5月分】",,,,,,,
2016-06-10,0,,"",121,"普通三菱東京",,,166,"売掛金",2,"オオタキカク",31128,"合資会社オオタキカクコンサル代、バックアップサーバー/PJ管理システム使用料",,,,,,,
2016-06-13,0,,"",731,"賃借料",,,121,"普通三菱東京",,,4916,"㈱Joe's ウェブホスティングヴァーチャルオフィス利用料【6月分】",11,,,,借,仕,
2016-06-20,0,,"",734,"支払手数料",,,121,"普通三菱東京",,,1728,"三菱東京UFJ銀行BizStation利用料",11,,,,借,仕,
2016-06-27,0,,"",724,"通信費",,,121,"普通三菱東京",,,1058,"フォノグラムシステム利用代",11,,,,借,仕,
2016-06-27,0,,"",734,"支払手数料",,,121,"普通三菱東京",,,540,"振込手数料　フォノグラム",11,,,,借,仕,
2016-06-27,0,,"",734,"支払手数料",,,121,"普通三菱東京",,,9779,"牧山社会保険労務士労働保険年度更新手続料",11,,,,借,仕,
2016-06-27,0,,"",734,"支払手数料",,,121,"普通三菱東京",,,540,"振込手数料　牧山社会保険労務士",11,,,,借,仕,
2016-06-27,0,,"",314,"未払金",1,"ブリングアップ",121,"普通三菱東京",,,16172,"㈲ブリングアップクラッチボックス開発・運営費【5月分】",,,,,,,
2016-06-27,0,,"",734,"支払手数料",,,121,"普通三菱東京",,,108,"振込手数料　㈲ブリングアップ",11,,,,借,仕,
2016-06-27,0,,"",550,"仕入高",,,121,"普通三菱東京",,,108000,"サークルアラウンドWebシステム開発研修代",11,,,,借,仕,
2016-06-27,0,,"",734,"支払手数料",,,121,"普通三菱東京",,,756,"振込手数料　サークルアラウンド",11,,,,借,仕,
2016-06-28,0,,"",734,"支払手数料",,,121,"普通三菱東京",,,16200,"さくら中央税理士法人顧問料",11,,,,借,仕,
2016-06-30,0,,"",711,"役員報酬",,,121,"普通三菱東京",,,100000,"社員：川瀬 広宣役員報酬",4,,,,借,仕,
2016-06-30,0,,"",121,"普通三菱東京",,,316,"預り金",1,"給与源泉所得税",3600,"社員：川瀬 広宣源泉徴収税分",,,,,,,
2016-06-30,0,,"",314,"未払金",9998,"社長立替金",121,"普通三菱東京",,,1635,"川瀬広宣　立替経費精算",,,,,,,
2016-06-30,0,,"",734,"支払手数料",,,121,"普通三菱東京",,,324,"振込手数料　川瀬広宣",11,,,,借,仕,
2016-06-30,0,,"",121,"普通三菱東京",,,166,"売掛金",5,"広尾サラブレッド倶楽部㈱",59400,"広尾サラブレッド倶楽部サーバー保守代",,,,,,,
2016-06-30,0,,"",121,"普通三菱東京",,,166,"売掛金",1,"ブリングアップ",11880,"㈲ブリングアップバックアップサーバー/プロジェクト管理システム使用料",,,,,,,
2016-06-30,0,,"",121,"普通三菱東京",,,166,"売掛金",1,"ブリングアップ",21600,"㈲ブリングアップ営業支援費",,,,,,,
2015-11-30,0,,"",166,"売掛金",1,"ブリングアップ",511,"売上高",,,11880,"ブリングアップ11月分売上げ バックアップ代・PJ管理システム利用代",11,,,,貸,売,
2015-11-30,0,,"",166,"売掛金",1,"ブリングアップ",511,"売上高",,,21600,"ブリングアップ11月分売上げ 営業支援",11,,,,貸,売,
2015-11-30,0,,"",166,"売掛金",4,"シーズ・クリエイト",511,"売上高",,,13957,"シーズ・クリエイト11月分売上げ クラッチボックス",11,,,,貸,売,
2015-11-30,0,,"",166,"売掛金",2,"オオタキカク",511,"売上高",,,9061,"オオタキカク11月分売上げ コンサル及びバックアップ・PJ管理ｼｽﾃﾑ代",11,,,,貸,売,
2015-11-30,0,,"",166,"売掛金",5,"広尾サラブレッド倶楽部㈱",511,"売上高",,,59400,"広尾サラブレッド倶楽部　サーバー保守代",11,,,,貸,売,
2015-11-30,0,,"",551,"業務委託費",,,314,"未払金",1,"ブリングアップ",7244,"ブリングアップ11月分クラッチボックス運営委託費",11,,,,借,仕,
2015-12-31,0,,"",166,"売掛金",1,"ブリングアップ",511,"売上高",,,11880,"ブリングアップ12月分売上げ バックアップ代・PJ管理システム利用代",11,,,,貸,売,
2015-12-31,0,,"",166,"売掛金",1,"ブリングアップ",511,"売上高",,,21600,"ブリングアップ12月分売上げ 営業支援",11,,,,貸,売,
2015-12-31,0,,"",166,"売掛金",4,"シーズ・クリエイト",511,"売上高",,,28490,"シーズ・クリエイト12月分売上げ クラッチボックス",11,,,,貸,売,
2015-12-31,0,,"",166,"売掛金",2,"オオタキカク",511,"売上高",,,30656,"オオタキカク12月分売上げ コンサル及びバックアップ・PJ管理ｼｽﾃﾑ代",11,,,,貸,売,
2015-12-31,0,,"",166,"売掛金",5,"広尾サラブレッド倶楽部㈱",511,"売上高",,,75600,"広尾サラブレッド倶楽部　サーバー保守代",11,,,,貸,売,
2015-12-31,0,,"",551,"業務委託費",,,314,"未払金",1,"ブリングアップ",15849,"ブリングアップ12月分クラッチボックス運営委託費",11,,,,借,仕,
2016-01-31,0,,"",166,"売掛金",1,"ブリングアップ",511,"売上高",,,11880,"ブリングアップ1月分売上げ バックアップ代・PJ管理システム利用代",11,,,,貸,売,
2016-01-31,0,,"",166,"売掛金",1,"ブリングアップ",511,"売上高",,,21600,"ブリングアップ1月分売上げ 営業支援",11,,,,貸,売,
2016-01-31,0,,"",166,"売掛金",4,"シーズ・クリエイト",511,"売上高",,,29718,"シーズ・クリエイト1月分売上げ クラッチボックス",11,,,,貸,売,
2016-01-31,0,,"",166,"売掛金",2,"オオタキカク",511,"売上高",,,30751,"オオタキカク1月分売上げ コンサル及びバックアップ・PJ管理ｼｽﾃﾑ代",11,,,,貸,売,
2016-01-31,0,,"",166,"売掛金",5,"広尾サラブレッド倶楽部㈱",511,"売上高",,,81000,"広尾サラブレッド倶楽部　サーバー保守代",11,,,,貸,売,
2016-01-31,0,,"",551,"業務委託費",,,314,"未払金",1,"ブリングアップ",13464,"ブリングアップ1月分クラッチボックス運営委託費",11,,,,借,仕,
2016-02-29,0,,"",166,"売掛金",1,"ブリングアップ",511,"売上高",,,11880,"ブリングアップ2月分売上げ バックアップ代・PJ管理システム利用代",11,,,,貸,売,
2016-02-29,0,,"",166,"売掛金",1,"ブリングアップ",511,"売上高",,,21600,"ブリングアップ2月分売上げ 営業支援",11,,,,貸,売,
2016-02-29,0,,"",166,"売掛金",4,"シーズ・クリエイト",511,"売上高",,,148272,"シーズ・クリエイト2月分売上げ クラッチボックス",11,,,,貸,売,
2016-02-29,0,,"",166,"売掛金",2,"オオタキカク",511,"売上高",,,32187,"オオタキカク2月分売上げ コンサル及びバックアップ・PJ管理ｼｽﾃﾑ代",11,,,,貸,売,
2016-02-29,0,,"",166,"売掛金",5,"広尾サラブレッド倶楽部㈱",511,"売上高",,,91800,"広尾サラブレッド倶楽部　サーバー保守代",11,,,,貸,売,
2016-02-29,0,,"",551,"業務委託費",,,314,"未払金",1,"ブリングアップ",50352,"ブリングアップ2月分クラッチボックス運営委託費",11,,,,借,仕,
2016-03-31,0,,"",166,"売掛金",1,"ブリングアップ",511,"売上高",,,11880,"ブリングアップ3月分売上げ バックアップ代・PJ管理システム利用代",11,,,,貸,売,
2016-03-31,0,,"",166,"売掛金",1,"ブリングアップ",511,"売上高",,,21600,"ブリングアップ3月分売上げ 営業支援",11,,,,貸,売,
2016-03-31,0,,"",166,"売掛金",4,"シーズ・クリエイト",511,"売上高",,,20832,"シーズ・クリエイト3月分売上げ クラッチボックス",11,,,,貸,売,
2016-03-31,0,,"",166,"売掛金",2,"オオタキカク",511,"売上高",,,31150,"オオタキカク3月分売上げ コンサル及びバックアップ・PJ管理ｼｽﾃﾑ代",11,,,,貸,売,
2016-03-31,0,,"",166,"売掛金",5,"広尾サラブレッド倶楽部㈱",511,"売上高",,,59400,"広尾サラブレッド倶楽部　サーバー保守代",11,,,,貸,売,
2016-03-31,0,,"",551,"業務委託費",,,314,"未払金",1,"ブリングアップ",11472,"ブリングアップ3月分クラッチボックス運営委託費",11,,,,借,仕,
2016-04-30,0,,"",166,"売掛金",1,"ブリングアップ",511,"売上高",,,11880,"ブリングアップ4月分売上げ バックアップ代・PJ管理システム利用代",11,,,,貸,売,
2016-04-30,0,,"",166,"売掛金",1,"ブリングアップ",511,"売上高",,,21600,"ブリングアップ4月分売上げ 営業支援",11,,,,貸,売,
2016-04-30,0,,"",166,"売掛金",4,"シーズ・クリエイト",511,"売上高",,,56377,"シーズ・クリエイト4月分売上げ クラッチボックス",11,,,,貸,売,
2016-04-30,0,,"",166,"売掛金",2,"オオタキカク",511,"売上高",,,31143,"オオタキカク4月分売上げ コンサル及びバックアップ・PJ管理ｼｽﾃﾑ代",11,,,,貸,売,
2016-04-30,0,,"",166,"売掛金",5,"広尾サラブレッド倶楽部㈱",511,"売上高",,,59400,"広尾サラブレッド倶楽部　サーバー保守代",11,,,,貸,売,
2016-04-30,0,,"",551,"業務委託費",,,314,"未払金",1,"ブリングアップ",15892,"ブリングアップ4月分クラッチボックス運営委託費",11,,,,借,仕,
2016-05-31,0,,"",166,"売掛金",1,"ブリングアップ",511,"売上高",,,11880,"ブリングアップ5月分売上げ バックアップ代・PJ管理システム利用代",11,,,,貸,売,
2016-05-31,0,,"",166,"売掛金",1,"ブリングアップ",511,"売上高",,,21600,"ブリングアップ5月分売上げ 営業支援",11,,,,貸,売,
2016-05-31,0,,"",166,"売掛金",4,"シーズ・クリエイト",511,"売上高",,,57357,"シーズ・クリエイト5月分売上げ クラッチボックス",11,,,,貸,売,
2016-05-31,0,,"",166,"売掛金",2,"オオタキカク",511,"売上高",,,31128,"オオタキカク5月分売上げ コンサル及びバックアップ・PJ管理ｼｽﾃﾑ代",11,,,,貸,売,
2016-05-31,0,,"",166,"売掛金",5,"広尾サラブレッド倶楽部㈱",511,"売上高",,,59400,"広尾サラブレッド倶楽部　サーバー保守代",11,,,,貸,売,
2016-05-31,0,,"",551,"業務委託費",,,314,"未払金",1,"ブリングアップ",16172,"ブリングアップ5月分クラッチボックス運営委託費",11,,,,借,仕,
2016-06-30,0,,"",166,"売掛金",1,"ブリングアップ",511,"売上高",,,11880,"ブリングアップ6月分売上げ バックアップ代・PJ管理システム利用代",11,,,,貸,売,
2016-06-30,0,,"",166,"売掛金",1,"ブリングアップ",511,"売上高",,,21600,"ブリングアップ6月分売上げ 営業支援",11,,,,貸,売,
2016-06-30,0,,"",166,"売掛金",4,"シーズ・クリエイト",511,"売上高",,,30357,"シーズ・クリエイト6月分売上げ クラッチボックス",11,,,,貸,売,
2016-06-30,0,,"",166,"売掛金",2,"オオタキカク",511,"売上高",,,31127,"オオタキカク6月分売上げ コンサル及びバックアップ・PJ管理ｼｽﾃﾑ代",11,,,,貸,売,
2016-06-30,0,,"",166,"売掛金",5,"広尾サラブレッド倶楽部㈱",511,"売上高",,,62640,"広尾サラブレッド倶楽部　サーバー保守代",11,,,,貸,売,
2016-06-30,0,,"",551,"業務委託費",,,314,"未払金",1,"ブリングアップ",5372,"ブリングアップ6月分クラッチボックス運営委託費",11,,,,借,仕,
2015-11-27,0,,"",731,"賃借料",,,314,"未払金",9998,"社長立替金",38750,"東京建物不動産㈱作業場所分家賃代（12月分）",11,,,,借,仕,
2015-11-10,0,,"",725,"水道光熱費",,,314,"未払金",9998,"社長立替金",3443,"東京電力㈱作業場所分電気代（9月請求分）",11,,,,借,仕,
2015-11-10,0,,"",725,"水道光熱費",,,314,"未払金",9998,"社長立替金",1059,"東京ガス㈱作業場所分ガス代（10月請求分）",11,,,,借,仕,
2015-11-10,0,,"",724,"通信費",,,314,"未払金",9998,"社長立替金",480,"NULABCacoo利用代",11,,,,借,仕,
2015-11-10,0,,"",724,"通信費",,,314,"未払金",9998,"社長立替金",432,"ChatworkChatwork利用代",11,,,,借,仕,
2015-11-10,0,,"",550,"仕入高",,,314,"未払金",9998,"社長立替金",17300,"AamazonWebServiceAmazonWebService利用代（zenbase用）",11,,,,借,仕,
2015-11-10,0,,"",550,"仕入高",,,314,"未払金",9998,"社長立替金",353,"AamazonWebServiceAmazonWebService(bringup.jp@zen-platform.jp)利用代",11,,,,借,仕,
2015-11-10,0,,"",550,"仕入高",,,314,"未払金",9998,"社長立替金",395,"AamazonWebServiceAmazonWebService(ootakikaku.jp@zen-platform.jp)利用代",11,,,,借,仕,
2015-11-10,0,,"",550,"仕入高",,,314,"未払金",9998,"社長立替金",4094," さくらインターネットレンタルサーバー（logmanager.zenbase.jp）代",11,,,,借,仕,
2015-11-10,0,,"",550,"仕入高",,,314,"未払金",9998,"社長立替金",1522," さくらインターネットレンタルサーバー（project.zenbase.jp）代",11,,,,借,仕,
2015-11-10,0,,"",737,"会議費",,,314,"未払金",9998,"社長立替金",4000,"spacee会議室利用代(2日分)",11,,,,借,仕,
2015-11-10,0,,"",728,"消耗品費",,,314,"未払金",9998,"社長立替金",5908,"Amazonデスク脚購入代",11,,,,借,仕,
2015-11-10,0,,"",728,"消耗品費",,,314,"未払金",9998,"社長立替金",2796,"Amazonスマートフォン接続ケーブル購入代",11,,,,借,仕,
2015-11-10,0,,"",728,"消耗品費",,,314,"未払金",9998,"社長立替金",1680,"AmazonSDメモリカード購入代",11,,,,借,仕,
2015-11-04,0,,"",728,"消耗品費",,,314,"未払金",9998,"社長立替金",7776,"リコープリンタトナー購入代",11,,,,借,仕,
2015-12-25,0,,"",731,"賃借料",,,314,"未払金",9998,"社長立替金",38750,"東京建物不動産㈱作業場所分家賃代（1月分）",11,,,,借,仕,
2015-12-10,0,,"",725,"水道光熱費",,,314,"未払金",9998,"社長立替金",2446,"東京電力㈱作業場所分電気代（10月請求分）",11,,,,借,仕,
2015-12-10,0,,"",725,"水道光熱費",,,314,"未払金",9998,"社長立替金",1390,"東京ガス㈱作業場所分ガス代（11月請求分）",11,,,,借,仕,
2015-12-10,0,,"",725,"水道光熱費",,,314,"未払金",9998,"社長立替金",1847,"東京水道局作業場所分水道代（11月請求分）",11,,,,借,仕,
2015-12-10,0,,"",724,"通信費",,,314,"未払金",9998,"社長立替金",432,"ChatworkChatwork利用代",11,,,,借,仕,
2015-12-10,0,,"",550,"仕入高",,,314,"未払金",9998,"社長立替金",18346,"AamazonWebServiceAmazonWebService利用代（zenbase用）",11,,,,借,仕,
2015-12-10,0,,"",550,"仕入高",,,314,"未払金",9998,"社長立替金",373,"AamazonWebServiceAmazonWebService(bringup.jp@zen-platform.jp)利用代",11,,,,借,仕,
2015-12-10,0,,"",550,"仕入高",,,314,"未払金",9998,"社長立替金",399,"AamazonWebServiceAmazonWebService(ootakikaku.jp@zen-platform.jp)利用代",11,,,,借,仕,
2015-12-10,0,,"",550,"仕入高",,,314,"未払金",9998,"社長立替金",4094," さくらインターネットレンタルサーバー（logmanager.zenbase.jp）代",11,,,,借,仕,
2015-12-10,0,,"",550,"仕入高",,,314,"未払金",9998,"社長立替金",1522," さくらインターネットレンタルサーバー（project.zenbase.jp）代",11,,,,借,仕,
2015-12-10,0,,"",737,"会議費",,,314,"未払金",9998,"社長立替金",13598,"spacee会議室利用代(3日分)",11,,,,借,仕,
2015-12-10,0,,"",728,"消耗品費",,,314,"未払金",9998,"社長立替金",26784,"ApplePC周辺機器購入代",11,,,,借,仕,
2015-12-10,0,,"",729,"事務用品費",,,314,"未払金",9998,"社長立替金",625,"いーるでぃんぐ朱肉購入代",11,,,,借,仕,
2015-12-10,0,,"",741,"新聞図書費",,,314,"未払金",9998,"社長立替金",2580,"gihyo.jp書籍購入代",11,,,,借,仕,
2015-12-10,0,,"",724,"通信費",,,314,"未払金",9998,"社長立替金",480,"NULABCacoo利用代",11,,,,借,仕,
2015-12-15,0,,"",728,"消耗品費",,,314,"未払金",9998,"社長立替金",1200,"AmazonPC周辺機器購入代",11,,,,借,仕,
2015-12-18,0,,"",716,"法定福利費",,,314,"未払金",9998,"社長立替金",264,"東京労働局労働保険料",4,,,,借,仕,
2015-12-21,0,,"",727,"交際費",,,314,"未払金",9998,"社長立替金",17672,"中国料理 琥珀接待交際費（ZEN川瀬・尾身、サークルアラウンド佐藤様・斉藤様）",11,,,,借,仕,
2016-01-31,0,,"",731,"賃借料",,,314,"未払金",9998,"社長立替金",38750,"東京建物不動産㈱作業場所分家賃代（2月分）",11,,,,借,仕,
2016-01-12,0,,"",725,"水道光熱費",,,314,"未払金",9998,"社長立替金",2406,"東京電力㈱作業場所分電気代（11月請求分）",11,,,,借,仕,
2016-01-12,0,,"",725,"水道光熱費",,,314,"未払金",9998,"社長立替金",1957,"東京ガス㈱作業場所分ガス代（12月請求分）",11,,,,借,仕,
2016-01-12,0,,"",724,"通信費",,,314,"未払金",9998,"社長立替金",432,"ChatworkChatwork利用代",11,,,,借,仕,
2016-01-12,0,,"",550,"仕入高",,,314,"未払金",9998,"社長立替金",18043,"AamazonWebServiceAmazonWebService利用代（zenbase用）",11,,,,借,仕,
2016-01-12,0,,"",550,"仕入高",,,314,"未払金",9998,"社長立替金",390,"AamazonWebServiceAmazonWebService(bringup.jp@zen-platform.jp)利用代",11,,,,借,仕,
2016-01-12,0,,"",550,"仕入高",,,314,"未払金",9998,"社長立替金",409,"AamazonWebServiceAmazonWebService(ootakikaku.jp@zen-platform.jp)利用代",11,,,,借,仕,
2016-01-12,0,,"",550,"仕入高",,,314,"未払金",9998,"社長立替金",16292,"AamazonWebServiceAmazonWebService リザーブドインスタンス購入代",11,,,,借,仕,
2016-01-12,0,,"",550,"仕入高",,,314,"未払金",9998,"社長立替金",4094," さくらインターネットレンタルサーバー（logmanager.zenbase.jp）代",11,,,,借,仕,
2016-01-12,0,,"",550,"仕入高",,,314,"未払金",9998,"社長立替金",1522," さくらインターネットレンタルサーバー（project.zenbase.jp）代",11,,,,借,仕,
2016-01-12,0,,"",550,"仕入高",,,314,"未払金",9998,"社長立替金",18235," さくらインターネットレンタルサーバー（VPN）代",11,,,,借,仕,
2016-01-12,0,,"",737,"会議費",,,314,"未払金",9998,"社長立替金",2700,"spacee会議室利用代",11,,,,借,仕,
2016-01-12,0,,"",728,"消耗品費",,,314,"未払金",9998,"社長立替金",12672,"FASTSPRING BOHEデザイン用ソフトウェア購入代",11,,,,借,仕,
2016-01-12,0,,"",724,"通信費",,,314,"未払金",9998,"社長立替金",480,"NULABCacoo利用代",11,,,,借,仕,
2016-01-12,0,,"",728,"消耗品費",,,314,"未払金",9998,"社長立替金",19735,"AmazonOffice2016 1ライセンス購入代",11,,,,借,仕,
2016-01-12,0,,"",728,"消耗品費",,,314,"未払金",9998,"社長立替金",6540,"AmazonPC周辺機器(イヤホン)購入代",11,,,,借,仕,
2015-12-01,0,,"",737,"会議費",,,314,"未払金",9998,"社長立替金",1020,"珈琲館会議費（川瀬・高木様）",11,,,,借,仕,
2015-12-16,0,,"",737,"会議費",,,314,"未払金",9998,"社長立替金",1180,"英國屋会議費（川瀬・大庭様）",11,,,,借,仕,
2016-01-05,0,,"",737,"会議費",,,314,"未払金",9998,"社長立替金",2420,"ルノアール会議費（川瀬・BR土呂様・TSUKASAWEB池田様・河内様）",11,,,,借,仕,
2016-01-20,0,,"",727,"交際費",,,314,"未払金",9998,"社長立替金",9828,"土風炉接待交際費（川瀬・UFJ横田様）",11,,,,借,仕,
2016-02-29,0,,"",731,"賃借料",,,314,"未払金",9998,"社長立替金",38750,"東京建物不動産㈱作業場所分家賃代（3月分）",11,,,,借,仕,
2016-02-10,0,,"",725,"水道光熱費",,,314,"未払金",9998,"社長立替金",2645,"東京電力㈱作業場所分電気代（12月請求分）",11,,,,借,仕,
2016-02-10,0,,"",725,"水道光熱費",,,314,"未払金",9998,"社長立替金",1957,"東京ガス㈱作業場所分ガス代（1月請求分）",11,,,,借,仕,
2016-02-10,0,,"",725,"水道光熱費",,,314,"未払金",9998,"社長立替金",2232,"東京水道局作業場所分水道代（1月請求分）",11,,,,借,仕,
2016-03-31,0,,"",731,"賃借料",,,314,"未払金",9998,"社長立替金",38750,"東京建物不動産㈱作業場所分家賃代（4月分）",11,,,,借,仕,
2016-02-10,0,,"",724,"通信費",,,314,"未払金",9998,"社長立替金",432,"ChatworkChatwork利用代",11,,,,借,仕,
2016-02-10,0,,"",550,"仕入高",,,314,"未払金",9998,"社長立替金",16627,"AamazonWebServiceAmazonWebService利用代（zenbase用）",11,,,,借,仕,
2016-02-10,0,,"",550,"仕入高",,,314,"未払金",9998,"社長立替金",395,"AamazonWebServiceAmazonWebService(bringup.jp@zen-platform.jp)利用代",11,,,,借,仕,
2016-02-10,0,,"",550,"仕入高",,,314,"未払金",9998,"社長立替金",372,"AamazonWebServiceAmazonWebService(ootakikaku.jp@zen-platform.jp)利用代",11,,,,借,仕,
2016-02-10,0,,"",550,"仕入高",,,314,"未払金",9998,"社長立替金",2518,"AamazonWebServiceAmazonWebService(kawase@zen-platform.jp)利用代",11,,,,借,仕,
2016-02-10,0,,"",550,"仕入高",,,314,"未払金",9998,"社長立替金",4094," さくらインターネットレンタルサーバー（logmanager.zenbase.jp）代",11,,,,借,仕,
2016-02-10,0,,"",550,"仕入高",,,314,"未払金",9998,"社長立替金",1522," さくらインターネットレンタルサーバー（project.zenbase.jp）代",11,,,,借,仕,
2016-02-10,0,,"",737,"会議費",,,314,"未払金",9998,"社長立替金",5910,"spacee会議室利用代",11,,,,借,仕,
2016-02-10,0,,"",728,"消耗品費",,,314,"未払金",9998,"社長立替金",1009,"AmazonPC掃除用具購入代",11,,,,借,仕,
2016-02-10,0,,"",724,"通信費",,,314,"未払金",9998,"社長立替金",480,"NULABCacoo利用代",11,,,,借,仕,
2016-02-10,0,,"",729,"事務用品費",,,314,"未払金",9998,"社長立替金",1224,"AmazonA4用紙購入代",11,,,,借,仕,
2016-02-10,0,,"",728,"消耗品費",,,314,"未払金",9998,"社長立替金",1255,"AmazonLANケーブル等購入代",11,,,,借,仕,
2016-02-12,0,,"",727,"交際費",,,314,"未払金",9998,"社長立替金",7542,"わたみん家接待交際費（Trinet中村様、川瀬）",11,,,,借,仕,
2016-02-18,0,,"",737,"会議費",,,314,"未払金",9998,"社長立替金",630,"ルノアール会議費",11,,,,借,仕,
2016-02-20,0,,"",737,"会議費",,,314,"未払金",9998,"社長立替金",1508,"ジョナサン会議費（ブリングアップ土呂様、川瀬）",11,,,,借,仕,
2016-02-21,0,,"",728,"消耗品費",,,314,"未払金",9998,"社長立替金",620,"セブンイレブンコピー代",11,,,,借,仕,
2016-02-23,0,,"",728,"消耗品費",,,314,"未払金",9998,"社長立替金",22032,"Ricohプリンタトナー購入代",11,,,,借,仕,
2016-03-10,0,,"",725,"水道光熱費",,,314,"未払金",9998,"社長立替金",2402,"東京電力㈱作業場所分電気代（1月請求分）",11,,,,借,仕,
2016-03-10,0,,"",725,"水道光熱費",,,314,"未払金",9998,"社長立替金",2580,"東京ガス㈱作業場所分ガス代（2月請求分）",11,,,,借,仕,
2016-03-10,0,,"",724,"通信費",,,314,"未払金",9998,"社長立替金",432,"ChatworkChatwork利用代",11,,,,借,仕,
2016-03-10,0,,"",550,"仕入高",,,314,"未払金",9998,"社長立替金",15701,"AamazonWebServiceAmazonWebService利用代（zenbase用）",11,,,,借,仕,
2016-03-10,0,,"",550,"仕入高",,,314,"未払金",9998,"社長立替金",413,"AamazonWebServiceAmazonWebService(bringup.jp@zen-platform.jp)利用代",11,,,,借,仕,
2016-03-10,0,,"",550,"仕入高",,,314,"未払金",9998,"社長立替金",437,"AamazonWebServiceAmazonWebService(ootakikaku.jp@zen-platform.jp)利用代",11,,,,借,仕,
2016-03-10,0,,"",550,"仕入高",,,314,"未払金",9998,"社長立替金",2960,"AamazonWebServiceAmazonWebService(kawase@zen-platform.jp)利用代",11,,,,借,仕,
2016-03-10,0,,"",550,"仕入高",,,314,"未払金",9998,"社長立替金",4094," さくらインターネットレンタルサーバー（logmanager.zenbase.jp）代",11,,,,借,仕,
2016-03-10,0,,"",550,"仕入高",,,314,"未払金",9998,"社長立替金",1522," さくらインターネットレンタルサーバー（project.zenbase.jp）代",11,,,,借,仕,
2016-03-10,0,,"",724,"通信費",,,314,"未払金",9998,"社長立替金",480,"NULABCacoo利用代",11,,,,借,仕,
2016-03-01,0,,"",728,"消耗品費",,,314,"未払金",9998,"社長立替金",7032,"AmazonPC周辺機器購入代",11,,,,借,仕,
2016-03-10,0,,"",724,"通信費",,,314,"未払金",9998,"社長立替金",3067,"ムームードメインドメイン料（zen-platform.jp 1年）",11,,,,借,仕,
2016-02-04,0,,"",737,"会議費",,,314,"未払金",9998,"社長立替金",1260,"ルノアール会議費（Tsukasaweb池田様、ZEN 川瀬）",11,,,,借,仕,
2016-03-16,0,,"",737,"会議費",,,314,"未払金",9998,"社長立替金",1260,"ルノアール会議費（Tsukasaweb池田様、ZEN 川瀬）",11,,,,借,仕,
2016-03-24,0,,"",727,"交際費",,,314,"未払金",9998,"社長立替金",11771,"燻煙接待交際費（ブリングアップ土呂様、川瀬）",11,,,,借,仕,
2016-04-30,0,,"",731,"賃借料",,,314,"未払金",9998,"社長立替金",38750,"東京建物不動産㈱作業場所分家賃代（5月分）",11,,,,借,仕,
2016-05-31,0,,"",731,"賃借料",,,314,"未払金",9998,"社長立替金",38750,"東京建物不動産㈱作業場所分家賃代（6月分）",11,,,,借,仕,
2016-06-30,0,,"",731,"賃借料",,,314,"未払金",9998,"社長立替金",38750,"東京建物不動産㈱作業場所分家賃代（7月分）",11,,,,借,仕,
2016-04-11,0,,"",725,"水道光熱費",,,314,"未払金",9998,"社長立替金",2499,"東京電力㈱作業場所分電気代（2月請求分）",11,,,,借,仕,
2016-04-11,0,,"",725,"水道光熱費",,,314,"未払金",9998,"社長立替金",2453,"東京ガス㈱作業場所分ガス代（3月請求分）",11,,,,借,仕,
2016-04-11,0,,"",725,"水道光熱費",,,314,"未払金",9998,"社長立替金",1783,"東京水道局作業場所分水道代（3月請求分）",11,,,,借,仕,
2016-04-11,0,,"",724,"通信費",,,314,"未払金",9998,"社長立替金",432,"ChatworkChatwork利用代",11,,,,借,仕,
2016-04-11,0,,"",724,"通信費",,,314,"未払金",9998,"社長立替金",480,"NULABCacoo利用代",11,,,,借,仕,
2016-04-11,0,,"",550,"仕入高",,,314,"未払金",9998,"社長立替金",20774,"AamazonWebServiceAmazonWebService利用代（zenbase用）",11,,,,借,仕,
2016-04-11,0,,"",550,"仕入高",,,314,"未払金",9998,"社長立替金",382,"AamazonWebServiceAmazonWebService(bringup.jp@zen-platform.jp)利用代",11,,,,借,仕,
2016-04-11,0,,"",550,"仕入高",,,314,"未払金",9998,"社長立替金",1544,"AamazonWebServiceAmazonWebService(ootakikaku.jp@zen-platform.jp)利用代",11,,,,借,仕,
2016-04-11,0,,"",550,"仕入高",,,314,"未払金",9998,"社長立替金",4094," さくらインターネットレンタルサーバー（logmanager.zenbase.jp）代",11,,,,借,仕,
2016-04-11,0,,"",550,"仕入高",,,314,"未払金",9998,"社長立替金",1522," さくらインターネットレンタルサーバー（project.zenbase.jp）代",11,,,,借,仕,
2016-04-11,0,,"",550,"仕入高",,,314,"未払金",9998,"社長立替金",115," さくらインターネットシンプル監視サービス利用代",11,,,,借,仕,
2016-04-11,0,,"",737,"会議費",,,314,"未払金",9998,"社長立替金",4300,"spacee会議室利用代",11,,,,借,仕,
2016-04-11,0,,"",728,"消耗品費",,,314,"未払金",9998,"社長立替金",1847,"Amazonインスタントコーヒー購入代",11,,,,借,仕,
2016-04-11,0,,"",728,"消耗品費",,,314,"未払金",9998,"社長立替金",4490,"AmazonPC周辺機器購入代",11,,,,借,仕,
2016-03-26,0,,"",737,"会議費",,,314,"未払金",9998,"社長立替金",380,"カフェベローチェ会議費（川瀬・オオタキカク太田様）",11,,,,借,仕,
2016-03-28,0,,"",737,"会議費",,,314,"未払金",9998,"社長立替金",590,"ルノアール作業費",11,,,,借,仕,
2016-04-03,0,,"",737,"会議費",,,314,"未払金",9998,"社長立替金",860,"ジョナサン会議費（川瀬・ブリングアップ土呂様）",11,,,,借,仕,
2016-04-16,0,,"",727,"交際費",,,314,"未払金",9998,"社長立替金",10157,"九州熱中屋接待交際費（河内様、ZEN川瀬）",11,,,,借,仕,
2016-05-10,0,,"",725,"水道光熱費",,,314,"未払金",9998,"社長立替金",2409,"東京電力㈱作業場所分電気代（3月請求分）",11,,,,借,仕,
2016-05-10,0,,"",725,"水道光熱費",,,314,"未払金",9998,"社長立替金",2468,"東京ガス㈱作業場所分ガス代（4月請求分）",11,,,,借,仕,
2016-05-10,0,,"",724,"通信費",,,314,"未払金",9998,"社長立替金",432,"ChatworkChatwork利用代",11,,,,借,仕,
2016-05-10,0,,"",724,"通信費",,,314,"未払金",9998,"社長立替金",480,"NULABCacoo利用代",11,,,,借,仕,
2016-05-10,0,,"",550,"仕入高",,,314,"未払金",9998,"社長立替金",20939,"AamazonWebServiceAmazonWebService利用代（zenbase用）",11,,,,借,仕,
2016-05-10,0,,"",550,"仕入高",,,314,"未払金",9998,"社長立替金",382,"AamazonWebServiceAmazonWebService(bringup.jp@zen-platform.jp)利用代",11,,,,借,仕,
2016-05-10,0,,"",550,"仕入高",,,314,"未払金",9998,"社長立替金",701,"AamazonWebServiceAmazonWebService(ootakikaku.jp@zen-platform.jp)利用代",11,,,,借,仕,
2016-05-10,0,,"",550,"仕入高",,,314,"未払金",9998,"社長立替金",4094," さくらインターネットレンタルサーバー（logmanager.zenbase.jp）代",11,,,,借,仕,
2016-05-10,0,,"",550,"仕入高",,,314,"未払金",9998,"社長立替金",1522," さくらインターネットレンタルサーバー（project.zenbase.jp）代",11,,,,借,仕,
2016-05-10,0,,"",550,"仕入高",,,314,"未払金",9998,"社長立替金",105," さくらインターネットシンプル監視サービス利用代",11,,,,借,仕,
2016-05-10,0,,"",737,"会議費",,,314,"未払金",9998,"社長立替金",6690,"spacee会議室利用代",11,,,,借,仕,
2016-05-10,0,,"",728,"消耗品費",,,314,"未払金",9998,"社長立替金",5670,"Chatworkセキュリティソフトライセンス購入代",11,,,,借,仕,
2016-06-10,0,,"",725,"水道光熱費",,,314,"未払金",9998,"社長立替金",2357,"東京電力㈱作業場所分電気代（4月請求分）",11,,,,借,仕,
2016-06-10,0,,"",725,"水道光熱費",,,314,"未払金",9998,"社長立替金",1570,"東京ガス㈱作業場所分ガス代（5月請求分）",11,,,,借,仕,
2016-06-10,0,,"",724,"通信費",,,314,"未払金",9998,"社長立替金",432,"ChatworkChatwork利用代",11,,,,借,仕,
2016-06-10,0,,"",724,"通信費",,,314,"未払金",9998,"社長立替金",480,"NULABCacoo利用代",11,,,,借,仕,
2016-06-10,0,,"",550,"仕入高",,,314,"未払金",9998,"社長立替金",23371,"AamazonWebServiceAmazonWebService利用代（zenbase用）",11,,,,借,仕,
2016-06-10,0,,"",550,"仕入高",,,314,"未払金",9998,"社長立替金",371,"AamazonWebServiceAmazonWebService(bringup.jp@zen-platform.jp)利用代",11,,,,借,仕,
2016-06-10,0,,"",550,"仕入高",,,314,"未払金",9998,"社長立替金",671,"AamazonWebServiceAmazonWebService(ootakikaku.jp@zen-platform.jp)利用代",11,,,,借,仕,
2016-06-10,0,,"",550,"仕入高",,,314,"未払金",9998,"社長立替金",4094," さくらインターネットレンタルサーバー（logmanager.zenbase.jp）代",11,,,,借,仕,
2016-06-10,0,,"",550,"仕入高",,,314,"未払金",9998,"社長立替金",1522," さくらインターネットレンタルサーバー（project.zenbase.jp）代",11,,,,借,仕,
2016-06-10,0,,"",550,"仕入高",,,314,"未払金",9998,"社長立替金",105," さくらインターネットシンプル監視サービス利用代",11,,,,借,仕,
2016-06-10,0,,"",724,"通信費",,,314,"未払金",9998,"社長立替金",3067,"ムームードメインドメイン料（zenbase.jp）",11,,,,借,仕,
2016-05-04,0,,"",737,"会議費",,,314,"未払金",9998,"社長立替金",250,"カフェベローチェ作業費",11,,,,借,仕,
2016-05-08,0,,"",737,"会議費",,,314,"未払金",9998,"社長立替金",200,"カフェベローチェ会議費（川瀬・シーズクリエイト角田様）",11,,,,借,仕,
2016-05-11,0,,"",737,"会議費",,,314,"未払金",9998,"社長立替金",200,"カフェベローチェ作業費",11,,,,借,仕,
2016-05-16,0,,"",737,"会議費",,,314,"未払金",9998,"社長立替金",200,"カフェベローチェ作業費",11,,,,借,仕,
2016-05-19,0,,"",737,"会議費",,,314,"未払金",9998,"社長立替金",200,"カフェベローチェ作業費",11,,,,借,仕,
2016-05-20,0,,"",727,"交際費",,,314,"未払金",9998,"社長立替金",6145,"土風炉接待交際費（松井様、ZEN川瀬）",11,,,,借,仕,
2016-05-21,0,,"",739,"諸会費",,,314,"未払金",9998,"社長立替金",1000,"CaseSHINJUKUセミナー参加費",11,,,,借,仕,
2016-06-26,0,,"",737,"会議費",,,314,"未払金",9998,"社長立替金",200,"カフェベローチェ作業費",11,,,,借,仕,
2016-06-28,0,,"",737,"会議費",,,314,"未払金",9998,"社長立替金",680,"エクセルシオールカフェ会議費",11,,,,借,仕,
2015-11-09,0,,"",722,"旅費交通費",,,314,"未払金",9998,"社長立替金",390,"東京メトロサークルアラウンド高田馬場→半蔵門",11,,,,借,仕,
2015-11-10,0,,"",722,"旅費交通費",,,314,"未払金",9998,"社長立替金",1810,"タクシーTsukasaWeb新宿→半蔵門",11,,,,借,仕,
2015-11-15,0,,"",722,"旅費交通費",,,314,"未払金",9998,"社長立替金",390,"東京メトロシーズクリエイト半蔵門→池袋",11,,,,借,仕,
2015-11-16,0,,"",722,"旅費交通費",,,314,"未払金",9998,"社長立替金",390,"東京メトロサークルアラウンド高田馬場→半蔵門",11,,,,借,仕,
2015-11-23,0,,"",722,"旅費交通費",,,314,"未払金",9998,"社長立替金",538,"都営サークルアラウンド半蔵門→新宿",11,,,,借,仕,
2015-11-30,0,,"",722,"旅費交通費",,,314,"未払金",9998,"社長立替金",390,"東京メトロサークルアラウンド高田馬場→半蔵門",11,,,,借,仕,
2015-12-12,0,,"",722,"旅費交通費",,,314,"未払金",9998,"社長立替金",390,"東京メトロオオタキカク半蔵門→新中野",11,,,,借,仕,
2015-12-20,0,,"",722,"旅費交通費",,,314,"未払金",9998,"社長立替金",390,"東京メトロシーズクリエイト半蔵門→池袋",11,,,,借,仕,
2015-12-07,0,,"",722,"旅費交通費",,,314,"未払金",9998,"社長立替金",390,"東京メトロサークルアラウンド高田馬場→半蔵門",11,,,,借,仕,
2015-12-14,0,,"",722,"旅費交通費",,,314,"未払金",9998,"社長立替金",390,"東京メトロサークルアラウンド高田馬場→半蔵門",11,,,,借,仕,
2015-12-21,0,,"",722,"旅費交通費",,,314,"未払金",9998,"社長立替金",390,"東京メトロサークルアラウンド高田馬場→半蔵門",11,,,,借,仕,
2016-01-05,0,,"",722,"旅費交通費",,,314,"未払金",9998,"社長立替金",1810,"タクシーTsukasaWeb新宿→半蔵門",11,,,,借,仕,
2016-01-14,0,,"",722,"旅費交通費",,,314,"未払金",9998,"社長立替金",390,"東京メトロシーズクリエイト半蔵門→池袋",11,,,,借,仕,
2016-01-19,0,,"",722,"旅費交通費",,,314,"未払金",9998,"社長立替金",1810,"タクシーTsukasaWeb新宿→半蔵門",11,,,,借,仕,
2016-01-20,0,,"",722,"旅費交通費",,,314,"未払金",9998,"社長立替金",390,"東京メトロオオタキカク半蔵門→新中野",11,,,,借,仕,
2016-01-20,0,,"",722,"旅費交通費",,,314,"未払金",9998,"社長立替金",1630,"タクシーUFJ横田様銀座→半蔵門",11,,,,借,仕,
2016-02-14,0,,"",722,"旅費交通費",,,314,"未払金",9998,"社長立替金",390,"東京メトロシーズクリエイト半蔵門→池袋",11,,,,借,仕,
2016-02-18,0,,"",722,"旅費交通費",,,314,"未払金",9998,"社長立替金",538,"東京メトロ、都営TsukasaWeb半蔵門→新宿三丁目",11,,,,借,仕,
2016-02-20,0,,"",722,"旅費交通費",,,314,"未払金",9998,"社長立替金",390,"東京メトロオオタキカク半蔵門→新中野",11,,,,借,仕,
2016-03-16,0,,"",722,"旅費交通費",,,314,"未払金",9998,"社長立替金",538,"東京メトロ、都営TsukasaWeb半蔵門→新宿三丁目",11,,,,借,仕,
2016-03-21,0,,"",722,"旅費交通費",,,314,"未払金",9998,"社長立替金",538,"東京メトロ、都営サークルアラウンド半蔵門→新宿",11,,,,借,仕,
2016-03-26,0,,"",722,"旅費交通費",,,314,"未払金",9998,"社長立替金",390,"東京メトロオオタキカク半蔵門→新中野",11,,,,借,仕,
2016-03-31,0,,"",722,"旅費交通費",,,314,"未払金",9998,"社長立替金",390,"東京メトロサークルアラウンド高田馬場→半蔵門",11,,,,借,仕,
2016-04-23,0,,"",722,"旅費交通費",,,314,"未払金",9998,"社長立替金",390,"東京メトロオオタキカク半蔵門→新中野",11,,,,借,仕,
2016-04-03,0,,"",722,"旅費交通費",,,314,"未払金",9998,"社長立替金",390,"東京メトロシーズクリエイト半蔵門→池袋",11,,,,借,仕,
2016-05-08,0,,"",722,"旅費交通費",,,314,"未払金",9998,"社長立替金",390,"東京メトロシーズクリエイト半蔵門→池袋",11,,,,借,仕,
2016-05-14,0,,"",722,"旅費交通費",,,314,"未払金",9998,"社長立替金",330,"東京メトロサークルアラウンド半蔵門→渋谷",11,,,,借,仕,
2016-05-21,0,,"",722,"旅費交通費",,,314,"未払金",9998,"社長立替金",195,"東京メトロCaseSHINJUKU半蔵門→高田馬場",11,,,,借,仕,
2016-05-21,0,,"",722,"旅費交通費",,,314,"未払金",9998,"社長立替金",165,"東京メトロサークルアラウンド高田馬場→渋谷",11,,,,借,仕,
2016-05-21,0,,"",722,"旅費交通費",,,314,"未払金",9998,"社長立替金",165,"東京メトロサークルアラウンド渋谷→半蔵門",11,,,,借,仕,
2016-05-27,0,,"",722,"旅費交通費",,,314,"未払金",9998,"社長立替金",390,"東京メトロオオタキカク半蔵門→新中野",11,,,,借,仕,
2016-06-04,0,,"",722,"旅費交通費",,,314,"未払金",9998,"社長立替金",390,"東京メトロサークルアラウンド高田馬場→半蔵門",11,,,,借,仕,
2016-06-05,0,,"",722,"旅費交通費",,,314,"未払金",9998,"社長立替金",390,"東京メトロシーズクリエイト半蔵門→池袋",11,,,,借,仕,
2016-06-15,0,,"",722,"旅費交通費",,,314,"未払金",9998,"社長立替金",330,"東京メトロTsukasaWeb半蔵門→渋谷",11,,,,借,仕,
2016-06-16,0,,"",722,"旅費交通費",,,314,"未払金",9998,"社長立替金",330,"東京メトロ広尾サラブレッド倶楽部半蔵門→渋谷",11,,,,借,仕,
2016-06-19,0,,"",722,"旅費交通費",,,314,"未払金",9998,"社長立替金",390,"東京メトロサークルアラウンド高田馬場→半蔵門",11,,,,借,仕,
2016-06-25,0,,"",722,"旅費交通費",,,314,"未払金",9998,"社長立替金",390,"東京メトロサークルアラウンド高田馬場→半蔵門",11,,,,借,仕,
2016-06-26,0,,"",722,"旅費交通費",,,314,"未払金",9998,"社長立替金",390,"東京メトロオオタキカク半蔵門→新中野",11,,,,借,仕,
2016-06-28,0,,"",722,"旅費交通費",,,314,"未払金",9998,"社長立替金",390,"東京メトロTsukasaWeb半蔵門→中野",11,,,,借,仕,
2015-11-04,0,,"",551,"業務委託費",,,314,"未払金",2,"ＮＥＴＢＬＵＥ",24000,"ＮＥＴＢＬＵＥ　11月分サーバ死活監視",11,,,,借,仕,
2015-12-02,0,,"",551,"業務委託費",,,314,"未払金",2,"ＮＥＴＢＬＵＥ",78000,"ＮＥＴＢＬＵＥ　12月分サーバ死活監視",11,,,,借,仕,
2016-01-06,0,,"",551,"業務委託費",,,314,"未払金",2,"ＮＥＴＢＬＵＥ",96000,"ＮＥＴＢＬＵＥ　１月分サーバ死活監視",11,,,,借,仕,
2016-02-11,0,,"",551,"業務委託費",,,314,"未払金",2,"ＮＥＴＢＬＵＥ",46000,"ＮＥＴＢＬＵＥ　２月分サーバ死活監視",11,,,,借,仕,
2016-03-07,0,,"",551,"業務委託費",,,314,"未払金",2,"ＮＥＴＢＬＵＥ",29000,"ＮＥＴＢＬＵＥ　３月分サーバ死活監視",11,,,,借,仕,
2016-04-04,0,,"",551,"業務委託費",,,314,"未払金",2,"ＮＥＴＢＬＵＥ",20000,"ＮＥＴＢＬＵＥ　４月分サーバ死活監視",11,,,,借,仕,
2016-05-02,0,,"",551,"業務委託費",,,314,"未払金",2,"ＮＥＴＢＬＵＥ",20000,"ＮＥＴＢＬＵＥ　５月分サーバ死活監視",11,,,,借,仕,
2016-06-01,0,,"",551,"業務委託費",,,314,"未払金",2,"ＮＥＴＢＬＵＥ",20000,"ＮＥＴＢＬＵＥ　６月分サーバ死活監視産業",11,,,,借,仕,
2016-03-31,0,,"",166,"売掛金",1,"ブリングアップ",511,"売上高",,,362880,"ブリングアップ　リアライズアセットマネジメント社　顧客管理",11,,,,貸,売,
2016-06-30,0,,"",166,"売掛金",1,"ブリングアップ",511,"売上高",,,1330560,"ブリングアップ　リアライズアセットマネジメント社　物件管理システム",11,,,,貸,売,
2016-07-31,0,,"",166,"売掛金",1,"ブリングアップ",511,"売上高",,,1101600,"ブリングアップ　リアライズアセットマネジメント社　物件管理システム",11,,,,貸,売,
2015-12-31,0,,"",166,"売掛金",4,"シーズ・クリエイト",511,"売上高",,,32400,"シーズ・クリエイト　リアライズアセットマネジメント社　ＳＳＬ導入作業",11,,,,貸,売,
2015-11-30,0,,"",166,"売掛金",9999,"他：",511,"売上高",,,540000,"㈱ＴＳＵＢＡＳＡ　食らぶサイト制作費　３回分割　３回目",11,,,,貸,売,
2015-11-30,0,,"",551,"業務委託費",,,314,"未払金",1,"ブリングアップ",378000,"ブリングアップ　食らぶサイト構築費",11,,,,借,仕,
2016-06-27,0,,"",734,"支払手数料",,,316,"預り金",2,"報酬源泉所得税",1021,"牧山社会保険労務士　労働保険年度更新手続き",11,,,,借,仕,
2016-07-07,0,,"",314,"未払金",2,"ＮＥＴＢＬＵＥ",121,"普通三菱東京",,,22000,"NETBLUE広尾TCサーバーメンテナンス代",,,,,,,
2016-07-07,0,,"",734,"支払手数料",,,121,"普通三菱東京",,,540,"振込手数料　川瀬広宣",11,,,,借,仕,
2016-07-08,0,,"",121,"普通三菱東京",,,166,"売掛金",1,"ブリングアップ",1330560,"㈲ブリングアップﾘｱﾗｲｽﾞｱｾｯﾄﾏﾈｼﾞﾒﾝﾄ社物件管理システム開発代",,,,,,,
2016-07-08,0,,"",121,"普通三菱東京",,,166,"売掛金",4,"シーズ・クリエイト",30357,"株式会社シーズ・クリエイトクラッチボックス売上【6月分】",,,,,,,
2016-07-10,0,,"",314,"未払金",9998,"社長立替金",121,"普通三菱東京",,,267959,"川瀬広宣　立替経費精算",,,,,,,
2016-07-11,0,,"",734,"支払手数料",,,121,"普通三菱東京",,,324,"振込手数料　川瀬広宣",11,,,,借,仕,
2016-07-11,0,,"",316,"預り金",1,"給与源泉所得税",121,"普通三菱東京",,,21600,"源泉所得税",,,,,,,
2016-07-12,0,,"",731,"賃借料",,,121,"普通三菱東京",,,5680,"㈱Joe's ウェブホスティングヴァーチャルオフィス利用料【7月分】",11,,,,借,仕,
2016-07-15,0,,"",121,"普通三菱東京",,,166,"売掛金",1,"ブリングアップ",1101600,"㈲ブリングアップﾘｱﾗｲｽﾞｱｾｯﾄﾏﾈｼﾞﾒﾝﾄ社サイト保守代",,,,,,,
2016-07-19,0,,"",734,"支払手数料",,,121,"普通三菱東京",,,1728,"三菱東京UFJ銀行BizStation利用料",11,,,,借,仕,
2016-07-27,0,,"",121,"普通三菱東京",,,166,"売掛金",2,"オオタキカク",31127,"合資会社オオタキカクコンサル代、バックアップサーバー/PJ管理システム使用料",,,,,,,
2016-07-28,0,,"",734,"支払手数料",,,121,"普通三菱東京",,,16200,"さくら中央税理士法人顧問料",11,,,,借,仕,
2016-07-29,0,,"",314,"未払金",1,"ブリングアップ",121,"普通三菱東京",,,5372,"㈲ブリングアップクラッチボックス開発・運営費【6月分】",,,,,,,
2016-07-29,0,,"",734,"支払手数料",,,121,"普通三菱東京",,,108,"振込手数料　㈲ブリングアップ",11,,,,借,仕,
2016-07-29,0,,"",711,"役員報酬",,,121,"普通三菱東京",,,100000,"社員：川瀬 広宣役員報酬",4,,,,借,仕,
2016-07-29,0,,"",121,"普通三菱東京",,,316,"預り金",1,"給与源泉所得税",3600,"社員：川瀬 広宣源泉徴収税分",,,,,,,
2016-07-29,0,,"",314,"未払金",9998,"社長立替金",121,"普通三菱東京",,,3000,"社員：川瀬 広宣【2016年6月分】 交通費実費分清算",,,,,,,
2016-07-29,0,,"",734,"支払手数料",,,121,"普通三菱東京",,,324,"振込手数料　川瀬広宣",11,,,,借,仕,
2016-07-29,0,,"",121,"普通三菱東京",,,166,"売掛金",5,"広尾サラブレッド倶楽部㈱",62640,"広尾サラブレッド倶楽部サーバー保守代",,,,,,,
2016-07-29,0,,"",121,"普通三菱東京",,,166,"売掛金",1,"ブリングアップ",11880,"㈲ブリングアップバックアップサーバー/プロジェクト管理システム使用料",,,,,,,
2016-07-29,0,,"",121,"普通三菱東京",,,166,"売掛金",1,"ブリングアップ",21600,"㈲ブリングアップ営業支援費",,,,,,,
2016-07-29,0,,"",314,"未払金",9998,"社長立替金",121,"普通三菱東京",,,198403,"川瀬広宣　立替経費精算",,,,,,,
2016-08-10,0,,"",314,"未払金",2,"ＮＥＴＢＬＵＥ",121,"普通三菱東京",,,20000,"NETBLUE広尾TCサーバーメンテナンス代",,,,,,,
2016-08-10,0,,"",734,"支払手数料",,,121,"普通三菱東京",,,540,"振込手数料　川瀬広宣",11,,,,借,仕,
2016-08-10,0,,"",121,"普通三菱東京",,,166,"売掛金",4,"シーズ・クリエイト",53871,"株式会社シーズ・クリエイトクラッチボックス売上【7月分】",,,,,,,
2016-08-12,0,,"",731,"賃借料",,,121,"普通三菱東京",,,4618,"㈱Joe's ウェブホスティングヴァーチャルオフィス利用料【8月分】",11,,,,借,仕,
2016-08-12,0,,"",121,"普通三菱東京",,,166,"売掛金",2,"オオタキカク",31274,"合資会社オオタキカクコンサル代、バックアップサーバー/PJ管理システム使用料",,,,,,,
2016-08-18,0,,"",734,"支払手数料",,,121,"普通三菱東京",,,1728,"三菱東京UFJ銀行BizStation利用料",11,,,,借,仕,
2016-08-29,0,,"",734,"支払手数料",,,121,"普通三菱東京",,,16200,"さくら中央税理士法人顧問料",11,,,,借,仕,
2016-08-31,0,,"",314,"未払金",1,"ブリングアップ",121,"普通三菱東京",,,15176,"㈲ブリングアップクラッチボックス開発・運営費【7月分】",,,,,,,
2016-08-31,0,,"",734,"支払手数料",,,121,"普通三菱東京",,,108,"振込手数料　㈲ブリングアップ",11,,,,借,仕,
2016-08-31,0,,"",711,"役員報酬",,,121,"普通三菱東京",,,100000,"社員：川瀬 広宣役員報酬",4,,,,借,仕,
2016-08-31,0,,"",121,"普通三菱東京",,,316,"預り金",1,"給与源泉所得税",3600,"社員：川瀬 広宣源泉徴収税分",,,,,,,
2016-08-31,0,,"",314,"未払金",9998,"社長立替金",121,"普通三菱東京",,,780,"社員：川瀬 広宣【2016年7月分】 交通費実費分清算",,,,,,,
2016-08-31,0,,"",734,"支払手数料",,,121,"普通三菱東京",,,324,"振込手数料　川瀬広宣",11,,,,借,仕,
2016-08-31,0,,"",121,"普通三菱東京",,,166,"売掛金",5,"広尾サラブレッド倶楽部㈱",59400,"広尾サラブレッド倶楽部サーバー保守代",,,,,,,
2016-08-31,0,,"",121,"普通三菱東京",,,166,"売掛金",1,"ブリングアップ",11880,"㈲ブリングアップバックアップサーバー/プロジェクト管理システム使用料",,,,,,,
2016-08-31,0,,"",121,"普通三菱東京",,,166,"売掛金",1,"ブリングアップ",21600,"㈲ブリングアップ営業支援費",,,,,,,
2016-08-31,0,,"",314,"未払金",9998,"社長立替金",121,"普通三菱東京",,,102403,"川瀬広宣　立替経費精算",,,,,,,
2016-09-05,0,,"",314,"未払金",2,"ＮＥＴＢＬＵＥ",121,"普通三菱東京",,,43000,"NETBLUE広尾TCサーバーメンテナンス代など",,,,,,,
2016-09-05,0,,"",734,"支払手数料",,,121,"普通三菱東京",,,756,"振込手数料　川瀬広宣",11,,,,借,仕,
2016-09-09,0,,"",121,"普通三菱東京",,,166,"売掛金",4,"シーズ・クリエイト",73708,"株式会社シーズ・クリエイトクラッチボックス売上【8月分】",,,,,,,
2016-09-12,0,,"",731,"賃借料",,,121,"普通三菱東京",,,4916,"㈱Joe's ウェブホスティングヴァーチャルオフィス利用料【9月分】",11,,,,借,仕,
2016-09-20,0,,"",734,"支払手数料",,,121,"普通三菱東京",,,1728,"三菱東京UFJ銀行BizStation利用料",11,,,,借,仕,
2016-09-21,0,,"",121,"普通三菱東京",,,166,"売掛金",2,"オオタキカク",25761,"合資会社オオタキカクコンサル代、バックアップサーバー/PJ管理システム使用料",,,,,,,
2016-09-28,0,,"",734,"支払手数料",,,121,"普通三菱東京",,,16200,"さくら中央税理士法人顧問料",11,,,,借,仕,
2016-09-30,0,,"",314,"未払金",1,"ブリングアップ",121,"普通三菱東京",,,17168,"㈲ブリングアップクラッチボックス開発・運営費【8月分】",,,,,,,
2016-09-30,0,,"",734,"支払手数料",,,121,"普通三菱東京",,,108,"振込手数料　㈲ブリングアップ",11,,,,借,仕,
2016-09-30,0,,"",711,"役員報酬",,,121,"普通三菱東京",,,100000,"社員：川瀬 広宣役員報酬",4,,,,借,仕,
2016-09-30,0,,"",121,"普通三菱東京",,,316,"預り金",1,"給与源泉所得税",3600,"社員：川瀬 広宣源泉徴収税分",,,,,,,
2016-09-30,0,,"",734,"支払手数料",,,121,"普通三菱東京",,,324,"振込手数料　川瀬広宣",11,,,,借,仕,
2016-09-30,0,,"",121,"普通三菱東京",,,813,"雑収入",,,9835,"㈱Joe's ウェブホスティングヴァーチャルオフィス取次料",11,,,,貸,売,
2016-09-30,0,,"",121,"普通三菱東京",,,166,"売掛金",5,"広尾サラブレッド倶楽部㈱",59400,"広尾サラブレッド倶楽部サーバー保守代",,,,,,,
2016-09-30,0,,"",121,"普通三菱東京",,,166,"売掛金",1,"ブリングアップ",11880,"㈲ブリングアップバックアップサーバー/プロジェクト管理システム使用料",,,,,,,
2016-09-30,0,,"",121,"普通三菱東京",,,166,"売掛金",1,"ブリングアップ",21600,"㈲ブリングアップ営業支援費",,,,,,,
2016-09-30,0,,"",314,"未払金",9998,"社長立替金",121,"普通三菱東京",,,155119,"川瀬広宣　立替経費精算",,,,,,,
2016-07-31,0,,"",166,"売掛金",1,"ブリングアップ",511,"売上高",,,11880,"ブリングアップ７月分売上げ バックアップ代・PJ管理システム利用代",11,,,,貸,売,
2016-07-31,0,,"",166,"売掛金",1,"ブリングアップ",511,"売上高",,,21600,"ブリングアップ７月分売上げ 営業支援",11,,,,貸,売,
2016-07-31,0,,"",166,"売掛金",4,"シーズ・クリエイト",511,"売上高",,,53871,"シーズ・クリエイト７月分売上げ クラッチボックス",11,,,,貸,売,
2016-07-31,0,,"",166,"売掛金",2,"オオタキカク",511,"売上高",,,31274,"オオタキカク７月分売上げ コンサル及びバックアップ・PJ管理ｼｽﾃﾑ代",11,,,,貸,売,
2016-07-31,0,,"",166,"売掛金",5,"広尾サラブレッド倶楽部㈱",511,"売上高",,,59400,"広尾サラブレッド倶楽部　サーバー保守代",11,,,,貸,売,
2016-07-31,0,,"",551,"業務委託費",,,314,"未払金",1,"ブリングアップ",15176,"ブリングアップ７月分クラッチボックス運営委託費",11,,,,借,仕,
2016-07-05,0,,"",551,"業務委託費",,,314,"未払金",2,"ＮＥＴＢＬＵＥ",22000,"NETBLUE　7月分サーバー死活監視",11,,,,借,仕,
2016-08-31,0,,"",166,"売掛金",1,"ブリングアップ",511,"売上高",,,11880,"ブリングアップ８月分売上げ バックアップ代・PJ管理システム利用代",11,,,,貸,売,
2016-08-31,0,,"",166,"売掛金",1,"ブリングアップ",511,"売上高",,,21600,"ブリングアップ８月分売上げ 営業支援",11,,,,貸,売,
2016-08-31,0,,"",166,"売掛金",4,"シーズ・クリエイト",511,"売上高",,,73708,"シーズ・クリエイト８月分売上げ クラッチボックス",11,,,,貸,売,
2016-08-31,0,,"",166,"売掛金",2,"オオタキカク",511,"売上高",,,25761,"オオタキカク８月分売上げ コンサル及びバックアップ・PJ管理ｼｽﾃﾑ代",11,,,,貸,売,
2016-08-31,0,,"",166,"売掛金",5,"広尾サラブレッド倶楽部㈱",511,"売上高",,,59400,"広尾サラブレッド倶楽部　サーバー保守代",11,,,,貸,売,
2016-08-31,0,,"",551,"業務委託費",,,314,"未払金",1,"ブリングアップ",17168,"ブリングアップ８月分クラッチボックス運営委託費",11,,,,借,仕,
2016-08-01,0,,"",551,"業務委託費",,,314,"未払金",2,"ＮＥＴＢＬＵＥ",20000,"NETBLUE　８月分サーバー死活監視",11,,,,借,仕,
2016-09-30,0,,"",166,"売掛金",1,"ブリングアップ",511,"売上高",,,11880,"ブリングアップ９月分売上げ バックアップ代・PJ管理システム利用代",11,,,,貸,売,
2016-09-30,0,,"",166,"売掛金",1,"ブリングアップ",511,"売上高",,,21600,"ブリングアップ９月分売上げ 営業支援",11,,,,貸,売,
2016-09-30,0,,"",166,"売掛金",4,"シーズ・クリエイト",511,"売上高",,,89757,"シーズ・クリエイト９月分売上げ クラッチボックス",11,,,,貸,売,
2016-09-30,0,,"",166,"売掛金",2,"オオタキカク",511,"売上高",,,31085,"オオタキカク９月分売上げ コンサル及びバックアップ・PJ管理ｼｽﾃﾑ代",11,,,,貸,売,
2016-09-30,0,,"",166,"売掛金",5,"広尾サラブレッド倶楽部㈱",511,"売上高",,,64800,"広尾サラブレッド倶楽部　サーバー保守代",11,,,,貸,売,
2016-09-30,0,,"",551,"業務委託費",,,314,"未払金",1,"ブリングアップ",16172,"ブリングアップ９月分クラッチボックス運営委託費",11,,,,借,仕,
2016-09-01,0,,"",551,"業務委託費",,,314,"未払金",2,"ＮＥＴＢＬＵＥ",43000,"NETBLUE　９月分サーバー死活監視",11,,,,借,仕,
2016-10-31,0,,"",166,"売掛金",1,"ブリングアップ",511,"売上高",,,11880,"ブリングアップ１０月分売上げ バックアップ代・PJ管理システム利用代",11,,,,貸,売,
2016-10-31,0,,"",166,"売掛金",1,"ブリングアップ",511,"売上高",,,21600,"ブリングアップ１０月分売上げ 営業支援",11,,,,貸,売,
2016-10-31,0,,"",166,"売掛金",4,"シーズ・クリエイト",511,"売上高",,,22358,"シーズ・クリエイト１０月分売上げ クラッチボックス",11,,,,貸,売,
2016-10-31,0,,"",166,"売掛金",2,"オオタキカク",511,"売上高",,,31080,"オオタキカク１０月分売上げ コンサル及びバックアップ・PJ管理ｼｽﾃﾑ代",11,,,,貸,売,
2016-10-31,0,,"",166,"売掛金",5,"広尾サラブレッド倶楽部㈱",511,"売上高",,,75600,"広尾サラブレッド倶楽部　サーバー保守代",11,,,,貸,売,
2016-10-31,0,,"",551,"業務委託費",,,314,"未払金",1,"ブリングアップ",6172,"ブリングアップ１０月分クラッチボックス運営委託費",11,,,,借,仕,
2016-10-31,0,,"",551,"業務委託費",,,314,"未払金",2,"ＮＥＴＢＬＵＥ",24000,"NETBLUE　１０月分サーバー死活監視",11,,,,借,仕,
2016-07-09,0,,"",722,"旅費交通費",,,314,"未払金",9998,"社長立替金",390,"東京メトロシーズクリエイト倶楽部半蔵門→渋谷",11,,,,借,仕,
2016-07-24,0,,"",722,"旅費交通費",,,314,"未払金",9998,"社長立替金",390,"東京メトロオオタキカク半蔵門→新中野",11,,,,借,仕,
2016-09-11,0,,"",722,"旅費交通費",,,314,"未払金",9998,"社長立替金",390,"東京メトロシーズクリエイト倶楽部半蔵門→渋谷",11,,,,借,仕,
2016-09-17,0,,"",722,"旅費交通費",,,314,"未払金",9998,"社長立替金",538,"東京メトロシーズクリエイト倶楽部半蔵門→渋谷",11,,,,借,仕,
2016-09-22,0,,"",722,"旅費交通費",,,314,"未払金",9998,"社長立替金",390,"東京メトロオオタキカク半蔵門→新中野",11,,,,借,仕,
2016-07-31,0,,"",731,"賃借料",,,314,"未払金",9998,"社長立替金",38750,"東京建物不動産株式会社作業場所分家賃代（8月分）",11,,,,借,仕,
2016-07-11,0,,"",725,"水道光熱費",,,314,"未払金",9998,"社長立替金",2539,"東京電力株式会社作業場所分電気代（5月請求分）",11,,,,借,仕,
2016-07-11,0,,"",725,"水道光熱費",,,314,"未払金",9998,"社長立替金",1324,"東京ガス株式会社作業場所分ガス代（6月請求分）",11,,,,借,仕,
2016-07-11,0,,"",725,"水道光熱費",,,314,"未払金",9998,"社長立替金",2297,"東京水道局作業場所分水道代（5月請求分）",11,,,,借,仕,
2016-07-11,0,,"",724,"通信費",,,314,"未払金",9998,"社長立替金",432,"ChatworkChatwork利用代",11,,,,借,仕,
2016-07-11,0,,"",724,"通信費",,,314,"未払金",9998,"社長立替金",480,"NULABCacoo利用代",11,,,,借,仕,
2016-07-11,0,,"",550,"仕入高",,,314,"未払金",9998,"社長立替金",23902,"AamazonWebServiceAmazonWebService利用代（zenbase用）",11,,,,借,仕,
2016-07-11,0,,"",550,"仕入高",,,314,"未払金",9998,"社長立替金",388,"AamazonWebServiceAmazonWebService(bringup.jp@zen-platform.jp)利用代",11,,,,借,仕,
2016-07-11,0,,"",550,"仕入高",,,314,"未払金",9998,"社長立替金",660,"AamazonWebServiceAmazonWebService(ootakikaku.jp@zen-platform.jp)利用代",11,,,,借,仕,
2016-07-11,0,,"",550,"仕入高",,,314,"未払金",9998,"社長立替金",4094," さくらインターネットレンタルサーバー（logmanager.zenbase.jp）代",11,,,,借,仕,
2016-07-11,0,,"",550,"仕入高",,,314,"未払金",9998,"社長立替金",1522," さくらインターネットレンタルサーバー（project.zenbase.jp）代",11,,,,借,仕,
2016-07-11,0,,"",550,"仕入高",,,314,"未払金",9998,"社長立替金",105," さくらインターネットシンプル監視サービス利用代",11,,,,借,仕,
2016-07-11,0,,"",550,"仕入高",,,314,"未払金",9998,"社長立替金",1436,"CloudberryCloudberryサポート更新",11,,,,借,仕,
2016-07-03,0,,"",737,"会議費",,,314,"未払金",9998,"社長立替金",240,"カフェベローチェ作業費",11,,,,借,仕,
2016-07-04,0,,"",728,"消耗品費",,,314,"未払金",9998,"社長立替金",103464,"SofmapタブレットPC(iPad Pro)購入代",11,,,,借,仕,
2016-07-04,0,,"",728,"消耗品費",,,314,"未払金",9998,"社長立替金",12733,"SofmapPC周辺機器購入代",11,,,,借,仕,
2016-07-26,0,,"",724,"通信費",,,314,"未払金",9998,"社長立替金",3627,"DMM.comDMM Mobile利用料",11,,,,借,仕,
2016-08-31,0,,"",731,"賃借料",,,314,"未払金",9998,"社長立替金",38750,"東京建物不動産株式会社作業場所分家賃代（9月分）",11,,,,借,仕,
2016-08-10,0,,"",725,"水道光熱費",,,314,"未払金",9998,"社長立替金",2274,"東京電力株式会社作業場所分電気代（6月請求分）",11,,,,借,仕,
2016-08-10,0,,"",725,"水道光熱費",,,314,"未払金",9998,"社長立替金",1065,"東京ガス株式会社作業場所分ガス代（7月請求分）",11,,,,借,仕,
2016-08-10,0,,"",725,"水道光熱費",,,314,"未払金",9998,"社長立替金",2168,"東京水道局作業場所分水道代（6月請求分）",11,,,,借,仕,
2016-08-10,0,,"",724,"通信費",,,314,"未払金",9998,"社長立替金",432,"ChatworkChatwork利用代",11,,,,借,仕,
2016-08-10,0,,"",724,"通信費",,,314,"未払金",9998,"社長立替金",480,"NULABCacoo利用代",11,,,,借,仕,
2016-08-10,0,,"",550,"仕入高",,,314,"未払金",9998,"社長立替金",25173,"AamazonWebServiceAmazonWebService利用代（zenbase用）",11,,,,借,仕,
2016-08-10,0,,"",550,"仕入高",,,314,"未払金",9998,"社長立替金",376,"AamazonWebServiceAmazonWebService(bringup.jp@zen-platform.jp)利用代",11,,,,借,仕,
2016-08-10,0,,"",550,"仕入高",,,314,"未払金",9998,"社長立替金",660,"AamazonWebServiceAmazonWebService(ootakikaku.jp@zen-platform.jp)利用代",11,,,,借,仕,
2016-08-10,0,,"",550,"仕入高",,,314,"未払金",9998,"社長立替金",4094," さくらインターネットレンタルサーバー（logmanager.zenbase.jp）代",11,,,,借,仕,
2016-08-10,0,,"",550,"仕入高",,,314,"未払金",9998,"社長立替金",1522," さくらインターネットレンタルサーバー（project.zenbase.jp）代",11,,,,借,仕,
2016-08-10,0,,"",550,"仕入高",,,314,"未払金",9998,"社長立替金",105," さくらインターネットシンプル監視サービス利用代",11,,,,借,仕,
2016-08-10,0,,"",550,"仕入高",,,314,"未払金",9998,"社長立替金",2592,"RoboformRoboformライセンス代",11,,,,借,仕,
2016-08-10,0,,"",724,"通信費",,,314,"未払金",9998,"社長立替金",2659,"GITHUB INCgithub利用料",11,,,,借,仕,
2016-08-10,0,,"",724,"通信費",,,314,"未払金",9998,"社長立替金",2600,"EVERNOTEEVERNOTE利用料",11,,,,借,仕,
2016-08-10,0,,"",728,"消耗品費",,,314,"未払金",9998,"社長立替金",6480,"Amazon3Dペン購入代",11,,,,借,仕,
2016-08-12,0,,"",727,"交際費",,,314,"未払金",9998,"社長立替金",9493,"土風炉接待交際費（ｻｰｸﾙｱﾗｳﾝﾄﾞ佐藤様、ZEN川瀬）",11,,,,借,仕,
2016-08-23,0,,"",737,"会議費",,,314,"未払金",9998,"社長立替金",930,"珈琲館会議費（川瀬・さくら中央税理士法人 高木様）",11,,,,借,仕,
2016-07-27,0,,"",737,"会議費",,,314,"未払金",9998,"社長立替金",550,"ルノアール作業費",11,,,,借,仕,
2016-09-30,0,,"",731,"賃借料",,,314,"未払金",9998,"社長立替金",38750,"東京建物不動産株式会社作業場所分家賃代（10月分）",11,,,,借,仕,
2016-09-12,0,,"",725,"水道光熱費",,,314,"未払金",9998,"社長立替金",3320,"東京電力株式会社作業場所分電気代（7月請求分）",11,,,,借,仕,
2016-09-12,0,,"",725,"水道光熱費",,,314,"未払金",9998,"社長立替金",927,"東京ガス株式会社作業場所分ガス代（8月請求分）",11,,,,借,仕,
2016-09-12,0,,"",724,"通信費",,,314,"未払金",9998,"社長立替金",432,"ChatworkChatwork利用代",11,,,,借,仕,
2016-09-12,0,,"",724,"通信費",,,314,"未払金",9998,"社長立替金",480,"NULABCacoo利用代",11,,,,借,仕,
2016-09-12,0,,"",550,"仕入高",,,314,"未払金",9998,"社長立替金",29220,"AamazonWebServiceAmazonWebService利用代（zenbase用）",11,,,,借,仕,
2016-09-12,0,,"",550,"仕入高",,,314,"未払金",9998,"社長立替金",376,"AamazonWebServiceAmazonWebService(bringup.jp@zen-platform.jp)利用代",11,,,,借,仕,
2016-09-12,0,,"",550,"仕入高",,,314,"未払金",9998,"社長立替金",730,"AamazonWebServiceAmazonWebService(ootakikaku.jp@zen-platform.jp)利用代",11,,,,借,仕,
2016-09-12,0,,"",550,"仕入高",,,314,"未払金",9998,"社長立替金",4094," さくらインターネットレンタルサーバー（logmanager.zenbase.jp）代",11,,,,借,仕,
2016-09-12,0,,"",550,"仕入高",,,314,"未払金",9998,"社長立替金",1522," さくらインターネットレンタルサーバー（project.zenbase.jp）代",11,,,,借,仕,
2016-09-12,0,,"",550,"仕入高",,,314,"未払金",9998,"社長立替金",105," さくらインターネットシンプル監視サービス利用代",11,,,,借,仕,
2016-09-12,0,,"",550,"仕入高",,,314,"未払金",9998,"社長立替金",3456," さくらインターネットSSL購入代（secure.clutchbox.jp）",11,,,,借,仕,
2016-09-12,0,,"",550,"仕入高",,,314,"未払金",9998,"社長立替金",3456," さくらインターネットSSL購入代（api.zenbase.jp）",11,,,,借,仕,
2016-09-12,0,,"",550,"仕入高",,,314,"未払金",9998,"社長立替金",66348,"AamazonWebServiceAmazonWebService利用代（zenbaseRDSリザーブドインスタンス）",11,,,,借,仕,
2016-09-12,0,,"",724,"通信費",,,314,"未払金",9998,"社長立替金",521,"DMM.comモバイル利用料",11,,,,借,仕,
2016-09-12,0,,"",550,"仕入高",,,314,"未払金",9998,"社長立替金",1382,"ムームードメインドメイン料（zenbasemail.com）",11,,,,借,仕,
2016-10-04,0,,"",314,"未払金",2,"ＮＥＴＢＬＵＥ",121,"普通三菱東京",,,24000,"NETBLUE",,,,,,,
2016-10-04,0,,"",734,"支払手数料",,,121,"普通三菱東京",,,540,"三菱東京UFJ銀行",11,,,,借,仕,
2016-10-07,0,,"",121,"普通三菱東京",,,166,"売掛金",4,"シーズ・クリエイト",89757,"株式会社シーズ・クリエイト",,,,,,,
2016-10-12,0,,"",731,"賃借料",,,121,"普通三菱東京",,,4916,"㈱Joe's ウェブホスティングヴァーチャルオフィス利用料【10月分】",11,,,,借,仕,
2016-10-14,0,,"",121,"普通三菱東京",,,166,"売掛金",2,"オオタキカク",31085,"合資会社オオタキカク",,,,,,,
2016-10-18,0,,"",734,"支払手数料",,,121,"普通三菱東京",,,1728,"三菱東京UFJ銀行",11,,,,借,仕,
2016-10-28,0,,"",734,"支払手数料",,,121,"普通三菱東京",,,16200,"さくら中央税理士法人",11,,,,借,仕,
2016-10-31,0,,"",314,"未払金",1,"ブリングアップ",121,"普通三菱東京",,,16172,"有限会社ブリングアップ",,,,,,,
2016-10-31,0,,"",734,"支払手数料",,,121,"普通三菱東京",,,108,"三菱東京UFJ銀行",11,,,,借,仕,
2016-10-31,0,,"",711,"役員報酬",,,121,"普通三菱東京",,,100000,"社員：川瀬 広宣",4,,,,借,仕,
2016-10-31,0,,"",121,"普通三菱東京",,,316,"預り金",1,"給与源泉所得税",3600,"社員：川瀬 広宣",,,,,,,
2016-10-31,0,,"",314,"未払金",9998,"社長立替金",121,"普通三菱東京",,,1318,"社員：川瀬 広宣",,,,,,,
2016-10-31,0,,"",734,"支払手数料",,,121,"普通三菱東京",,,324,"三菱東京UFJ銀行",11,,,,借,仕,
2016-10-31,0,,"",121,"普通三菱東京",,,166,"売掛金",5,"広尾サラブレッド倶楽部㈱",64800,"広尾サラブレッド倶楽部",,,,,,,
2016-10-31,0,,"",121,"普通三菱東京",,,315,"前受金",,,135000,"広尾サラブレッド倶楽部",,,,,,,
2016-10-31,0,,"",121,"普通三菱東京",,,166,"売掛金",1,"ブリングアップ",11880,"有限会社ブリングアップ",,,,,,,
2016-10-31,0,,"",121,"普通三菱東京",,,166,"売掛金",1,"ブリングアップ",21600,"有限会社ブリングアップ",,,,,,,
2016-10-31,0,,"",314,"未払金",9998,"社長立替金",121,"普通三菱東京",,,264587,"川瀬 広宣 立替経費精算",,,,,,,
2016-10-31,0,,"",731,"賃借料",,,314,"未払金",9998,"社長立替金",38750,"東京建物不動産株式会社作業場所分家賃代（11月分）",11,,,,借,仕,
2016-10-11,0,,"",725,"水道光熱費",,,314,"未払金",9998,"社長立替金",4309,"東京電力株式会社作業場所分電気代（8月請求分）",11,,,,借,仕,
2016-10-11,0,,"",725,"水道光熱費",,,314,"未払金",9998,"社長立替金",827,"東京ガス株式会社作業場所分ガス代（9月請求分）",11,,,,借,仕,
2016-10-11,0,,"",725,"水道光熱費",,,314,"未払金",9998,"社長立替金",1975,"東京水道局作業場所分水道代（8月請求分）",11,,,,借,仕,
2016-10-11,0,,"",724,"通信費",,,314,"未払金",9998,"社長立替金",480,"NULAB　Cacoo利用代",11,,,,借,仕,
2016-10-11,0,,"",550,"仕入高",,,314,"未払金",9998,"社長立替金",20754,"AmazonWebService利用代（zenbase用）",11,,,,借,仕,
2016-10-11,0,,"",550,"仕入高",,,314,"未払金",9998,"社長立替金",383,"AmazonWebService(bringup.jp@zen-platform.jp)利用代",11,,,,借,仕,
2016-10-11,0,,"",550,"仕入高",,,314,"未払金",9998,"社長立替金",653,"AmazonWebService(ootakikaku.jp@zen-platform.jp)利用代",11,,,,借,仕,
2016-10-11,0,,"",550,"仕入高",,,314,"未払金",9998,"社長立替金",4094,"さくらインターネット　レンタルサーバー（logmanager.zenbase.jp）代",11,,,,借,仕,
2016-10-11,0,,"",550,"仕入高",,,314,"未払金",9998,"社長立替金",1522,"さくらインターネット　レンタルサーバー（project.zenbase.jp）代",11,,,,借,仕,
2016-10-11,0,,"",550,"仕入高",,,314,"未払金",9998,"社長立替金",105," さくらインターネット",11,,,,借,仕,
2016-10-11,0,,"",724,"通信費",,,314,"未払金",9998,"社長立替金",6134,"ムームードメイン",11,,,,借,仕,
2016-10-11,0,,"",550,"仕入高",,,314,"未払金",9998,"社長立替金",16745,"さくらインターネット　レンタルサーバー（dev.clutchbox.jp一年一括）代",11,,,,借,仕,
2016-10-11,0,,"",724,"通信費",,,314,"未払金",9998,"社長立替金",432,"Chatwork　Chatwork利用代",11,,,,借,仕,
2016-10-11,0,,"",724,"通信費",,,314,"未払金",9998,"社長立替金",521,"DMM.com　モバイル利用料",11,,,,借,仕,
2016-10-11,0,,"",737,"会議費",,,314,"未払金",9998,"社長立替金",2600,"spacee",11,,,,借,仕,
2016-10-10,0,,"",728,"消耗品費",,,314,"未払金",9998,"社長立替金",37584,"Ricoh　プリンタートナー代",11,,,,借,仕,
2016-10-02,0,,"",737,"会議費",,,314,"未払金",9998,"社長立替金",420,"カフェベローチェ",11,,,,借,仕,
2016-10-12,0,,"",727,"交際費",,,314,"未払金",9998,"社長立替金",8250,"四ツ谷 ふく鶴接待交際費（鈴木様、ZEN 川瀬）",11,,,,借,仕,
2016-10-14,0,,"",727,"交際費",,,314,"未払金",9998,"社長立替金",21621,"amazon贈答品購入代（ブリングアップ様 事務所移転）",11,,,,借,仕,
2016-10-13,0,,"",728,"消耗品費",,,314,"未払金",9998,"社長立替金",29800,"amazon　事務所用椅子",11,,,,借,仕,
2016-10-13,0,,"",728,"消耗品費",,,314,"未払金",9998,"社長立替金",35178,"amazon　出張用スーツケース",11,,,,借,仕,
2016-10-18,0,,"",728,"消耗品費",,,314,"未払金",9998,"社長立替金",24300,"ACT2　PCモバイルバッテリー",11,,,,借,仕,
2016-10-12,0,,"",722,"旅費交通費",,,314,"未払金",9998,"社長立替金",1180,"タクシー鈴木一秀　新宿→四谷",11,,,,借,仕,
2016-10-13,0,,"",722,"旅費交通費",,,314,"未払金",9998,"社長立替金",330,"東京メトロ帝国データバンク半蔵門→銀座",11,,,,借,仕,
2016-10-16,0,,"",722,"旅費交通費",,,314,"未払金",9998,"社長立替金",390,"東京メトロオオタキカク半蔵門→新中野",11,,,,借,仕,
2016-10-20,0,,"",722,"旅費交通費",,,314,"未払金",9998,"社長立替金",330,"東京メトロ広尾サラブレッド倶楽部半蔵門→渋谷",11,,,,借,仕,
2016-09-15,0,,"",727,"交際費",,,314,"未払金",9998,"社長立替金",7150,"やまみ接待交際費（ＺＥＮ川瀬　大山様）",11,,,,借,仕,
2016-07-11,0,,"",316,"預り金",2,"報酬源泉所得税",121,"普通三菱東京",,,1021,"報酬・源泉所得税",,,,,,,
2016-10-31,1,,"",725,"水道光熱費",,,314,"未払金",9998,"社長立替金",3618,"東京電力株式会社作業場所分電気代（9月請求分）",11,,,,借,仕,
2016-10-31,1,,"",725,"水道光熱費",,,314,"未払金",9998,"社長立替金",851,"東京ガス株式会社作業場所分ガス代（10月請求分）",11,,,,借,仕,
2016-10-31,1,,"",550,"仕入高",,,314,"未払金",9998,"社長立替金",19355,"AamazonWebServiceAmazonWebService利用代（zenbase用）9月分",11,,,,借,仕,
2016-10-31,1,,"",550,"仕入高",,,314,"未払金",9998,"社長立替金",533,"AamazonWebServiceAmazonWebService(bringup.jp@zen-platform.jp)利用代　9月分",11,,,,借,仕,
2016-10-31,1,,"",550,"仕入高",,,314,"未払金",9998,"社長立替金",605,"AamazonWebServiceAmazonWebService(ootakikaku.jp@zen-platform.jp)利用代　9月分",11,,,,借,仕,
2016-10-31,1,,"",550,"仕入高",,,314,"未払金",9998,"社長立替金",19923,"AamazonWebServiceAmazonWebService利用代（zenbase用）10月分",11,,,,借,仕,
2016-10-31,1,,"",550,"仕入高",,,314,"未払金",9998,"社長立替金",422,"AamazonWebServiceAmazonWebService(bringup.jp@zen-platform.jp)利用代　10月分",11,,,,借,仕,
2016-10-31,1,,"",550,"仕入高",,,314,"未払金",9998,"社長立替金",609,"AamazonWebServiceAmazonWebService(ootakikaku.jp@zen-platform.jp)利用代　10月分",11,,,,借,仕,
2016-10-31,1,,"",550,"仕入高",,,314,"未払金",9998,"社長立替金",57415,"AamazonWebServiceAmazonWebService利用代(zenbaseEC2ﾘｻﾞ-ﾌﾞﾄﾞｲﾝｽﾀﾝｽ)10月10日分",11,,,,借,仕,
2016-10-31,1,,"",737,"会議費",,,314,"未払金",9998,"社長立替金",4300,"spacee会議室利用代（10/18分）",11,,,,借,仕,
2016-10-31,1,,"",728,"消耗品費",,,314,"未払金",9998,"社長立替金",2520,"エルゴノミクスショップ　ノートPCスタンド購入代",11,,,,借,仕,
2016-10-31,1,,"",725,"水道光熱費",,,314,"未払金",9998,"社長立替金",2187,"東京電力株式会社作業場所分電気代（10月請求分）",11,,,,借,仕,
2016-10-31,1,,"",725,"水道光熱費",,,314,"未払金",9998,"社長立替金",1232,"東京ガス株式会社作業場所分ガス代（11月請求分）",11,,,,借,仕,
2016-10-31,1,,"",725,"水道光熱費",,,314,"未払金",9998,"社長立替金",1975,"東京水道局作業場所分水道代（10月請求分）",11,,,,借,仕,
2016-10-31,1,,"",314,"未払金",9998,"社長立替金",725,"水道光熱費",,,3443,"前期末決算未払計上の振替　東京電力株式会社作業場所分電気代（9月請求分）",11,,,,貸,仕,
2016-10-31,1,,"",314,"未払金",9998,"社長立替金",725,"水道光熱費",,,2446,"前期末決算未払計上の振替　東京電力株式会社作業場所分電気代（10月請求分）",11,,,,貸,仕,
2016-10-31,1,,"",314,"未払金",9998,"社長立替金",725,"水道光熱費",,,1059,"前期末決算未払計上の振替　東京ガス株式会社作業場所分ガス代（10月請求分）",11,,,,貸,仕,
2016-06-05,0,,"",737,"会議費",,,314,"未払金",9998,"社長立替金",210,"カフェベローチェ会議費（川瀬・角田様）",11,,,,借,仕,
2016-06-08,0,,"",737,"会議費",,,314,"未払金",9998,"社長立替金",200,"カフェベローチェ作業費",11,,,,借,仕,
2016-10-31,1,,"",871,"法人税等",,,323,"未払法人税等",,,318100,"",,,,,,,
2016-10-31,1,,"",199,"貸倒引当金",,,851,"貸倒引当金戻入",,,1000,"",4,,,,貸,売,
